location_name,country,latitude,longitude,temperature_celsius,humidity,wind_kph,uv_index,air_quality_us-epa-index,pressure_mb,abs_latitude,n_obs,temp_amplitude,phase_sin,phase_cos,cluster
'S Gravenjansdijk,Belgium,51.25,3.63,20.834862385321102,64.10091743119266,17.807339449541285,5.036697247706422,1.1192660550458715,1013.8440366972477,51.25,109,10.267741935483873,-0.8660254037844385,-0.5000000000000004,2
'S Gravenjansdijk,Belgium,51.25,3.6333,12.035714285714286,76.64285714285714,17.885714285714286,1.529503105590062,1.763975155279503,1017.9472049689441,51.25,322,16.461290322580645,-0.4999999999999997,-0.8660254037844388,4
'S Gravenjansdyk,Belgium,51.25,3.63,16.341666666666665,67.58333333333333,21.78333333333333,4.333333333333333,1.0,1015.75,51.25,12,0.0,1.2246467991473532e-16,-1.0,2
'S Gravenstaffel,Belgium,50.88,2.98,15.5625,80.5,17.125,4.125,1.0625,1011.375,50.88,16,0.0,0.49999999999999994,-0.8660254037844387,2
'S-Gravenbrakel,Belgium,50.6,4.1333,8.862814070351758,85.15577889447236,16.847236180904524,0.24824120603015074,1.2060301507537687,1013.7688442211055,50.6,199,14.254166666666666,-0.8660254037844385,-0.5000000000000004,4
-Kingdom,火鸡,38.85,34.65,29.7,24.0,18.4,7.0,1.0,1003.0,38.85,1,0.0,-0.4999999999999997,-0.8660254037844388,5
Aakip,Palau,7.3619,134.5122,29.233333333333334,77.0,8.4,8.533333333333333,1.0,1010.3333333333334,7.361900000000001,3,0.0,1.2246467991473532e-16,-1.0,1
Aba,Cameroon,5.6,14.05,20.1,96.5,3.6,0.44999999999999996,1.0,1016.0,5.6,2,0.0,1.2246467991473532e-16,-1.0,1
Abaer,Iceland,65.3,-18.8667,7.279999999999999,80.6,8.28,0.24,1.0,993.8,65.3,5,0.0,1.2246467991473532e-16,-1.0,2
Abazu,Myanmar,17.6167,96.7333,27.066666666666666,86.33333333333333,10.1,2.5,1.0,1007.3333333333334,17.6167,3,0.0,1.2246467991473532e-16,-1.0,1
Abu Dhabi,United Arab Emirates,24.4667,54.3667,30.95383360522023,43.621533442088094,15.0278955954323,6.781402936378466,3.0,1010.6378466557912,24.4667,613,19.065362242199893,-0.8660254037844385,-0.5000000000000004,3
Abu Dhabi,United Arab Emirates,24.47,54.37,37.60071942446043,45.94964028776978,18.56043165467626,8.086330935251798,2.884892086330935,998.4244604316547,24.47,139,3.5270588235294156,-1.0,-1.8369701987210297e-16,0
Abuja,Nigeria,9.1758,7.1808,26.75611745513866,66.50244698205546,6.170962479608483,2.8685154975530183,2.9086460032626427,1013.6916802610115,9.1758,613,4.551612903225809,1.0,6.123233995736766e-17,0
Abuja,Nigeria,9.18,7.18,28.558273381294963,73.28057553956835,10.179136690647482,6.453237410071942,1.1654676258992807,1013.5323741007194,9.18,139,6.962239089184056,0.49999999999999994,-0.8660254037844387,1
Accra,Ghana,5.55,-0.22,28.015107913669063,74.5179856115108,20.5,6.223021582733813,1.0287769784172662,1013.4604316546763,5.55,139,3.707210626185958,0.49999999999999994,-0.8660254037844387,1
Accra,Ghana,5.55,-0.2167,27.096091205211728,84.32736156351791,12.294462540716612,2.24299674267101,1.5488599348534202,1012.2263843648209,5.55,614,4.499135944700463,0.8660254037844386,0.5000000000000001,0
Achelap,Palau,7.6333,134.6375,27.65,89.0,7.35,2.65,1.0,1010.5,7.6333,2,0.0,1.2246467991473532e-16,-1.0,1
Addis Ababa,Ethiopia,9.03,38.7,20.71323529411765,59.44117647058823,14.480882352941178,4.625,1.588235294117647,1019.625,9.03,136,5.891840607210629,0.49999999999999994,-0.8660254037844387,1
Addis Ababa,Ethiopia,9.0333,38.7,19.324959216965745,50.89559543230016,9.587765089722676,8.63915171288744,2.0440456769983686,1024.2398042414356,9.0333,613,3.963172043010754,0.8660254037844387,-0.4999999999999998,1
Addis Abeba,Ethiopia,9.03,38.7,19.8,59.0,3.6,4.0,1.0,1011.0,9.03,1,0.0,1.2246467991473532e-16,-1.0,1
Addis Abeba,Ethiopia,9.0333,38.7,18.2,64.0,7.9,4.5,1.0,1028.0,9.0333,1,0.0,1.2246467991473532e-16,-1.0,1
Adkip,Palau,7.36,134.51,26.505000000000003,89.65,6.279999999999999,1.0,1.0,1011.4,7.360000000000001,20,0.5210526315789465,0.49999999999999994,-0.8660254037844387,1
Aguaray,Paraguay,-19.85,-58.5167,23.299999999999997,68.32022471910112,7.104494382022471,0.0056179775280898875,1.1179775280898876,1008.9269662921348,19.85,178,9.397619047619049,0.8660254037844386,0.5000000000000001,0
Airai,Palau,7.3575,134.5578,28.180434782608696,82.42857142857143,19.017701863354038,0.7611801242236025,1.0776397515527951,1008.4906832298136,7.357499999999999,322,1.404147465437788,0.49999999999999994,-0.8660254037844387,1
Airai,Palau,7.36,134.56,27.291836734693877,86.87755102040816,11.418367346938776,1.0,1.183673469387755,1009.3469387755102,7.360000000000001,49,1.5205882352941202,-0.8660254037844386,0.5000000000000001,0
Algiers,Algeria,36.76,3.05,29.053623188405798,50.34782608695652,18.655072463768118,6.833333333333333,1.3478260869565217,1013.9130434782609,36.76,138,5.733870967741936,-0.8660254037844385,-0.5000000000000004,2
Algiers,Algeria,36.7631,3.0506,18.1281045751634,68.7483660130719,11.36045751633987,1.4272875816993464,1.630718954248366,1017.6437908496732,36.7631,612,17.164516129032258,-0.4999999999999997,-0.8660254037844388,4
Amman,Jordan,31.95,35.93,31.56762589928057,29.179856115107913,20.988489208633094,7.597122302158273,1.474820143884892,1011.1942446043165,31.950000000000003,139,12.18333333333333,1.2246467991473532e-16,-1.0,5
Amman,Jordan,31.95,35.9333,19.059446254071663,44.85342019543974,16.040879478827364,4.82671009771987,1.8192182410423452,1017.4706840390879,31.95,614,19.33508064516129,-0.4999999999999997,-0.8660254037844388,2
Amsterdam,Netherlands,52.37,4.89,19.79492753623188,66.52173913043478,19.268840579710144,4.949275362318841,1.1304347826086956,1013.304347826087,52.37,138,10.188709677419357,-0.8660254037844385,-0.5000000000000004,2
Amsterdam,Netherlands,52.374,4.8897,10.56726384364821,79.90228013029316,15.290390879478826,0.9439739413680782,1.5700325732899023,1015.442996742671,52.374,614,17.252564780539398,-0.4999999999999997,-0.8660254037844388,4
Andorra La Vella,Andorra,42.5,1.5167,6.38352365415987,69.34257748776508,7.74584013050571,1.3091353996737358,1.032626427406199,1018.4649265905383,42.5,613,22.468958223162346,-0.8660254037844385,-0.5000000000000004,4
Andorra La Vella,Andorra,42.5,1.52,18.882014388489207,48.96402877697842,10.569064748201438,4.690647482014389,1.0,1015.3956834532374,42.5,139,11.586815415821501,-0.4999999999999997,-0.8660254037844388,2
Ankara,Turkey,39.9272,32.8644,12.558496732026144,60.33660130718954,10.081209150326798,3.40343137254902,2.045751633986928,1017.4820261437909,39.9272,612,25.58467741935484,-0.4999999999999997,-0.8660254037844388,4
Ankara,Turkey,39.93,32.86,28.560144927536232,31.753623188405797,12.67463768115942,6.702898550724638,1.1884057971014492,1011.8913043478261,39.93,138,17.47741935483871,-0.8660254037844385,-0.5000000000000004,2
Antananarivo,Madagascar,-18.92,47.52,22.63884892086331,44.82014388489208,16.238129496402877,6.64748201438849,1.0359712230215827,1021.0143884892086,18.92,139,8.452941176470588,-0.8660254037844386,0.5000000000000001,0
Antananarivo,Madagascar,-18.9167,47.5167,23.869004893964114,56.79445350734095,11.18678629690049,8.858075040783035,1.063621533442088,1020.7128874388254,18.9167,613,8.261290322580646,-0.5000000000000004,0.8660254037844384,0
Apia,Samoa,-13.8333,-171.7333,26.31332236842105,86.09868421052632,22.342763157894737,0.040460526315789475,1.0328947368421053,1010.75,13.8333,608,2.1550537634408613,0.8660254037844387,-0.4999999999999998,1
Apia,Samoa,-13.83,-171.73,25.052173913043475,88.8840579710145,15.179710144927537,1.0,1.0217391304347827,1012.5144927536232,13.83,138,1.467338709677417,0.49999999999999994,-0.8660254037844387,1
Ar Riyadh,Saudi Arabien,24.64,46.77,45.0,7.0,24.5,11.0,2.0,997.0,24.64,1,0.0,-0.4999999999999997,-0.8660254037844388,5
Ashgabat,Turkmenistan,37.95,58.38,33.53260869565217,22.746376811594203,15.018840579710144,7.956521739130435,1.210144927536232,1009.2101449275362,37.95,138,12.548109243697478,-0.4999999999999997,-0.8660254037844388,5
Ashgabat,Turkmenistan,37.95,58.3833,20.096247960848288,44.58401305057096,12.34290375203915,4.741598694942904,1.7128874388254487,1016.4665579119087,37.95,613,29.546853516657855,-0.4999999999999997,-0.8660254037844388,4
Asmara,Eritrea,15.33,38.93,23.151079136690647,44.23741007194245,14.997841726618704,5.525179856115108,1.4388489208633093,1011.0719424460432,15.33,139,5.487096774193546,1.2246467991473532e-16,-1.0,5
Asmara,Eritrea,15.3333,38.9333,20.656188925081434,44.12214983713355,9.419218241042344,7.896905537459283,1.723127035830619,1014.5830618892509,15.3333,614,7.325366300366301,1.2246467991473532e-16,-1.0,5
Astana,Kazakhstan,51.18,71.43,20.610869565217392,52.007246376811594,17.78840579710145,5.253623188405797,1.0434782608695652,1011.2826086956521,51.18,138,10.489655172413794,1.2246467991473532e-16,-1.0,2
Astana,Kazakhstan,51.1811,71.4278,6.157259380097879,62.33442088091354,18.120717781402938,2.476672104404568,1.3507340946166395,1019.373572593801,51.1811,613,38.18159703860391,-0.4999999999999997,-0.8660254037844388,4
Asuncion,Paraguay,-25.27,-57.67,13.7,77.0,10.8,4.0,1.0,1020.0,25.27,1,0.0,1.2246467991473532e-16,-1.0,1
Asuncion,Paraguay,-25.2667,-57.6667,16.3,82.0,9.7,0.0,1.0,1021.0,25.2667,1,0.0,1.2246467991473532e-16,-1.0,1
Athens,Greece,37.9795,23.7162,19.345335515548282,54.689034369885434,13.50605564648118,2.834369885433715,1.613747954173486,1016.0900163666121,37.9795,611,23.44392857142857,-0.4999999999999997,-0.8660254037844388,2
Athens,Greece,37.98,23.72,32.012408759124085,31.773722627737225,18.091970802919707,7.554744525547445,1.2335766423357664,1010.7445255474453,37.98,137,10.20840336134454,-0.4999999999999997,-0.8660254037844388,5
Aurora,Paraguay,-23.4333,-61.3333,19.991277258566978,71.33333333333333,8.936760124610592,0.07258566978193147,1.1526479750778815,1011.6043613707166,23.4333,321,12.058571428571428,0.8660254037844386,0.5000000000000001,0
Aurora,Paraguay,-23.43,-61.33,18.86764705882353,51.0,11.659803921568628,5.696078431372549,1.7745098039215685,1015.5588235294117,23.43,102,13.310344827586206,-0.8660254037844386,0.5000000000000001,0
Bafoussam,Cameroon,5.47,10.42,22.677777777777777,77.72222222222223,5.972222222222222,4.944444444444445,1.0,1012.9444444444445,5.47,18,0.34117647058823763,0.49999999999999994,-0.8660254037844387,1
Baghdad,Iraq,33.3386,44.3939,25.41661237785016,34.5228013029316,17.480618892508144,4.853094462540717,2.3827361563517915,1013.3127035830619,33.3386,614,28.1188260179799,-0.8660254037844385,-0.5000000000000004,2
Baghdad,Iraq,33.34,44.39,42.65611510791367,12.856115107913668,19.105755395683452,9.956834532374101,1.7625899280575539,1000.8705035971223,33.34,139,10.500000000000007,-0.4999999999999997,-0.8660254037844388,5
Baku,Azerbaijan,40.3953,49.8822,16.54110929853181,65.41761827079935,23.06606851549755,3.6455138662316475,1.5106035889070146,1016.9331158238173,40.3953,613,25.478917050691248,-0.8660254037844385,-0.5000000000000004,4
Baku,Azerbaijan,40.4,49.88,28.102173913043476,46.789855072463766,22.77246376811594,6.77536231884058,1.3840579710144927,1011.0,40.4,138,9.737001897533208,-0.8660254037844385,-0.5000000000000004,2
Bali,Indonesia,-0.14,98.19,29.3,70.0,6.5,1.0,1.0,1007.0,0.14,1,0.0,1.2246467991473532e-16,-1.0,1
Bali,Indonesia,-0.1395,98.186,28.5,73.0,4.0,10.5,1.0,1010.0,0.1395,1,0.0,1.2246467991473532e-16,-1.0,1
Bamako,Mali,12.65,-8.0,26.593874833555258,55.71371504660453,10.715446071904129,2.585219707057257,2.0226364846870837,1013.8748335552597,12.65,751,7.584675694939417,1.2246467991473532e-16,-1.0,5
Ban Lom,Vietnam,21.13,104.7,25.802247191011237,93.02247191011236,4.49438202247191,1.8202247191011236,1.202247191011236,1005.5730337078652,21.13,89,1.4999999999999964,1.2246467991473532e-16,-1.0,1
Ban Lom,Vietnam,21.1333,104.7,26.492236024844722,65.64906832298136,6.422049689440994,1.8751552795031055,2.31055900621118,1009.4099378881988,21.1333,322,12.166666666666668,0.8660254037844387,-0.4999999999999998,3
Bandar Seri Begawan,Brunei Darussalam,4.88,114.93,27.60072463768116,87.68115942028986,6.410869565217392,1.6376811594202898,1.1956521739130435,1009.3695652173913,4.88,138,2.79137931034483,-0.8660254037844386,0.5000000000000001,0
Bandar Seri Begawan,Brunei Darussalam,4.8833,114.9333,29.959477124183007,73.94607843137256,9.973692810457516,3.696732026143791,1.4722222222222223,1007.8267973856209,4.8833,612,3.2474881015335804,-0.4999999999999997,-0.8660254037844388,3
Bangkok,Thailand,13.75,100.5167,32.38013029315961,53.17915309446254,13.271661237785016,4.706677524429968,2.1905537459283386,1008.0618892508144,13.75,614,4.752431693989074,0.8660254037844387,-0.4999999999999998,3
Bangkok,Thailand,13.75,100.52,29.823357664233576,72.91240875912409,12.81021897810219,1.781021897810219,2.0,1006.1678832116788,13.75,137,3.0293103448275858,-0.8660254037844386,0.5000000000000001,0
Bangui,Central African Republic,4.3667,18.5833,26.982381729200654,74.33115823817292,5.919249592169657,4.092822185970636,2.127243066884176,1013.1223491027732,4.3667,613,4.2467741935483865,-2.4492935982947064e-16,1.0,0
Bangui,Central African Republic,4.37,18.58,31.11014492753623,59.01449275362319,6.742753623188406,7.130434782608695,1.1014492753623188,1010.7753623188406,4.37,138,8.073529411764707,0.49999999999999994,-0.8660254037844387,1
Banjul,Gambia,13.45,-16.58,29.5,70.69343065693431,12.583941605839415,6.423357664233577,1.313868613138686,1012.3065693430657,13.45,137,5.623529411764704,0.49999999999999994,-0.8660254037844387,1
Banjul,Gambia,13.4531,-16.5775,23.636006546644847,70.51227495908347,17.357283142389523,0.9067103109656302,2.25531914893617,1011.8919803600654,13.453100000000001,611,4.465000000000003,-0.8660254037844386,0.5000000000000001,0
Basseterre,Saint Kitts and Nevis,17.3,-62.72,29.04820143884892,77.11510791366906,21.83597122302158,5.726618705035971,1.0215827338129497,1015.136690647482,17.3,139,2.076666666666668,1.2246467991473532e-16,-1.0,1
Basseterre,Saint Kitts and Nevis,17.3,-62.7167,26.027168576104746,80.2962356792144,26.94206219312602,0.014893617021276595,1.1472995090016367,1014.5564648117839,17.3,611,3.5782142857142816,-0.8660254037844386,0.5000000000000001,0
Beijing,China,39.9289,116.3883,16.68562091503268,36.619281045751634,10.844117647058825,1.398856209150327,4.080065359477124,1016.2352941176471,39.9289,612,30.07112638815442,-0.4999999999999997,-0.8660254037844388,3
Beijing,China,39.93,116.39,25.246715328467154,65.11678832116789,9.197080291970803,1.532846715328467,3.7153284671532845,1006.948905109489,39.93,137,9.649999999999999,-0.4999999999999997,-0.8660254037844388,3
Beijing Shi,China,39.93,116.39,24.3,75.0,4.7,1.0,3.0,1006.0,39.93,1,0.0,-0.4999999999999997,-0.8660254037844388,3
Beirut,Lebanon,33.87,35.51,28.968115942028984,63.45652173913044,14.732608695652173,6.782608695652174,1.565217391304348,1009.4202898550725,33.87,138,5.319537815126047,-0.4999999999999997,-0.8660254037844388,5
Beirut,Lebanon,33.8719,35.5097,21.646982055464928,59.1141924959217,14.015986949429037,4.189722675367047,2.1402936378466557,1015.6606851549756,33.8719,613,14.693087557603686,-0.8660254037844385,-0.5000000000000004,2
Beirut,Польша,51.12,17.53,24.2,56.0,13.7,5.0,1.0,1013.0,51.12,1,0.0,-0.4999999999999997,-0.8660254037844388,2
Belgrade,Serbia,44.8,20.47,28.821739130434782,41.23913043478261,14.44927536231884,7.231884057971015,1.1666666666666667,1012.7391304347826,44.8,138,17.469354838709677,-0.8660254037844385,-0.5000000000000004,2
Belgrade,Serbia,44.804,20.4651,12.144625407166124,69.29478827361564,11.619381107491858,1.9029315960912054,1.9543973941368078,1018.2377850162867,44.804,614,22.90470650449498,-0.4999999999999997,-0.8660254037844388,4
Belmopan,Belize,17.25,-88.77,25.946043165467625,93.45323741007195,5.705035971223022,4.920863309352518,1.0071942446043165,1011.3093525179856,17.25,139,7.552941176470586,0.49999999999999994,-0.8660254037844387,1
Belmopan,Belize,17.25,-88.7667,21.244078947368422,96.35690789473684,4.135526315789474,0.014802631578947368,1.0707236842105263,1013.7006578947369,17.25,608,4.533518735363,0.49999999999999994,-0.8660254037844387,1
Berlin,Germany,52.5167,13.4,9.173572593800978,76.24143556280588,13.354486133768352,1.1489396411092985,1.5057096247960848,1016.5758564437194,52.5167,613,20.56340560549973,-0.4999999999999997,-0.8660254037844388,4
Berlin,Germany,52.52,13.4,23.151079136690647,51.33812949640288,16.66618705035971,5.81294964028777,1.1079136690647482,1013.6474820143885,52.52,139,16.90967741935484,-0.8660254037844385,-0.5000000000000004,2
Bern,Bélgica,51.1,4.75,17.4,63.0,22.0,4.0,1.0,1013.0,51.1,1,0.0,-0.4999999999999997,-0.8660254037844388,2
Bern,Switzerland,46.9167,7.4667,8.448534201954397,82.51791530944625,6.1219869706840395,1.218241042345277,1.3631921824104234,1017.7019543973942,46.9167,614,19.978212585933367,-0.4999999999999997,-0.8660254037844388,4
Bern,Switzerland,46.92,7.47,21.720289855072465,61.0,9.165942028985508,5.086956521739131,1.0289855072463767,1015.3115942028985,46.92,138,11.566129032258067,-0.8660254037844385,-0.5000000000000004,2
Bishkek,Kyrghyzstan,42.87,74.6,24.815942028985507,38.666666666666664,12.939855072463768,5.927536231884058,1.1376811594202898,1010.9202898550725,42.87,138,13.81840607210626,-0.8660254037844385,-0.5000000000000004,2
Bishkek,Kyrghyzstan,42.8731,74.6003,15.368841761827081,46.77324632952692,9.01990212071778,3.696084828711256,1.7928221859706361,1018.425774877651,42.8731,613,33.14706504494976,-0.4999999999999997,-0.8660254037844388,4
Bissau,Guinea-Bissau,11.85,-15.5833,24.22418300653595,73.12091503267973,12.168954248366013,0.9570261437908497,2.3627450980392157,1012.0898692810457,11.85,612,3.8723413198823025,1.2246467991473532e-16,-1.0,3
Bissau,Guinea-Bissau,11.85,-15.58,29.800719424460432,71.66906474820144,11.18776978417266,6.496402877697841,1.1007194244604317,1012.6474820143885,11.85,139,7.002941176470586,0.49999999999999994,-0.8660254037844387,1
Bogot,Bulgaria,43.3167,24.7,13.80607843137255,58.319607843137256,10.983333333333333,2.4950980392156863,1.5568627450980392,1018.8921568627451,43.3167,510,29.930451612903227,-0.4999999999999997,-0.8660254037844388,4
Bogot,Bulgaria,43.32,24.7,29.91897810218978,33.51094890510949,13.486131386861313,7.255474452554744,1.0875912408759123,1011.8321167883212,43.32,137,17.271428571428572,-0.4999999999999997,-0.8660254037844388,2
Bogot,Hungary,47.25,16.8333,8.868627450980393,76.2156862745098,12.165686274509804,0.7088235294117646,1.3333333333333333,1016.5980392156863,47.25,102,24.277272727272727,-1.0,-1.8369701987210297e-16,4
Bogota,Colombia,4.6,-74.0833,14.3,82.0,4.3,0.0,2.0,1029.0,4.6,1,0.0,1.2246467991473532e-16,-1.0,1
Bogota,Colombia,4.6,-74.08,13.5,80.0,4.7,3.0,1.0,1019.0,4.6,1,0.0,1.2246467991473532e-16,-1.0,1
Bournemouth Gardens,Jamaica,17.9667,-76.7667,28.05,77.0,3.6,0.0,1.0,1015.0,17.9667,2,0.0,1.2246467991473532e-16,-1.0,1
Bras,Brazil,-2.0833,-58.1667,23.118092105263155,89.50986842105263,3.9886513157894736,0.019407894736842107,1.225328947368421,1009.858552631579,2.0833,608,2.2663750683433577,-0.5000000000000004,0.8660254037844384,0
Bras,Brazil,-2.08,-58.17,28.471014492753625,61.18840579710145,5.913043478260869,7.586956521739131,1.1594202898550725,1012.8115942028985,2.08,138,6.810344827586206,1.2246467991473532e-16,-1.0,1
Bratislava,Slovakia,48.15,17.1167,10.44299674267101,70.9641693811075,13.984527687296417,1.5127035830618891,1.6009771986970684,1018.0716612377851,48.15,614,22.00830248545743,-0.4999999999999997,-0.8660254037844388,4
Bratislava,Slovakia,48.15,17.12,25.55144927536232,50.15217391304348,14.956521739130435,6.311594202898551,1.0942028985507246,1013.695652173913,48.15,138,18.44677419354839,-0.8660254037844385,-0.5000000000000004,2
Brazzaville,Congo,-4.26,15.28,30.81159420289855,51.27536231884058,9.184057971014493,9.36231884057971,1.536231884057971,1012.3695652173913,4.26,138,4.690322580645162,-0.8660254037844385,-0.5000000000000004,1
Brazzaville,Congo,-4.2592,15.2847,25.471194762684124,79.80032733224222,5.898527004909984,3.629459901800327,1.9214402618657938,1014.4844517184943,4.2592,611,4.998387096774195,-2.4492935982947064e-16,1.0,0
Bridgetown,Barbados,13.1,-59.62,28.83884892086331,80.07913669064749,23.849640287769784,5.690647482014389,1.0215827338129497,1013.5611510791367,13.1,139,4.388235294117646,0.49999999999999994,-0.8660254037844387,1
Bridgetown,Barbados,13.1,-59.6167,26.580851063829787,79.53682487725041,24.75090016366612,0.017675941080196402,1.281505728314239,1012.456628477905,13.1,611,2.3539784946236573,-1.0,-1.8369701987210297e-16,0
Brussels,Belgium,50.83,4.33,19.914492753623186,66.26811594202898,14.388405797101449,4.818840579710145,1.1159420289855073,1014.1739130434783,50.83,138,9.556451612903224,-0.8660254037844385,-0.5000000000000004,2
Brussels,Belgium,50.8333,4.3333,10.281862745098039,79.82516339869281,15.633333333333335,0.9271241830065359,1.6650326797385622,1016.3137254901961,50.8333,612,17.006557377049177,-0.4999999999999997,-0.8660254037844388,4
Bucharest,Romania,44.43,26.1,29.706521739130434,35.84782608695652,12.743478260869564,7.384057971014493,1.1304347826086956,1012.8840579710145,44.43,138,17.7,-0.4999999999999997,-0.8660254037844388,2
Bucharest,Romania,44.4333,26.1,12.186601307189543,68.98366013071896,11.67156862745098,2.1743464052287584,1.9689542483660132,1018.2434640522875,44.4333,612,28.775345622119815,-0.4999999999999997,-0.8660254037844388,4
Budapest,Hungary,47.5,19.08,27.07769784172662,44.74820143884892,13.768345323741007,6.64748201438849,1.0863309352517985,1013.4172661870504,47.5,139,19.151612903225807,-0.8660254037844385,-0.5000000000000004,2
Budapest,Hungary,47.5,19.0833,10.97373572593801,68.28548123980424,10.276019575856443,1.6701468189233277,1.6737357259380097,1017.9461663947798,47.5,613,23.820782654680063,-0.4999999999999997,-0.8660254037844388,4
Buenos Aires,Argentina,-34.59,-58.67,10.77536231884058,80.45652173913044,11.298550724637682,4.181159420289855,1.1884057971014492,1019.3405797101449,34.59,138,6.753571428571429,1.2246467991473532e-16,-1.0,2
Buenos Aires,Argentina,-34.5875,-58.6725,15.71797385620915,82.80718954248366,10.101143790849672,0.09444444444444444,1.227124183006536,1015.2205882352941,34.5875,612,12.406639194139196,0.8660254037844386,0.5000000000000001,0
Bujumbura,Burundi,-3.38,29.36,28.123741007194244,47.35251798561151,39.40071942446043,7.143884892086331,1.4892086330935252,1012.7553956834532,3.38,139,3.3680392156862773,-1.0,-1.8369701987210297e-16,2
Bujumbura,Burundi,-3.3761,29.36,25.088762214983714,66.44299674267101,5.035016286644951,6.760912052117264,1.990228013029316,1015.1889250814332,3.3761,614,3.747204301075268,-0.8660254037844386,0.5000000000000001,0
Cairo,Egypt,30.05,31.25,25.271733333333334,43.504,14.472133333333334,5.231599999999999,2.2173333333333334,1013.9866666666667,30.05,750,17.787015738498784,-0.4999999999999997,-0.8660254037844388,2
Canberra,Australia,-35.2833,149.2167,17.449755301794454,59.38988580750408,12.799184339314845,0.4786296900489396,1.1223491027732464,1016.236541598695,35.2833,613,16.595238095238095,0.8660254037844386,0.5000000000000001,0
Canberra,Australia,-35.28,149.22,6.423913043478261,83.72463768115942,9.907246376811594,1.0,1.036231884057971,1021.3405797101449,35.28,138,9.76774193548387,-0.8660254037844386,0.5000000000000001,0
Caracas,Venezuela,10.5,-66.92,26.25251798561151,77.30935251798562,6.577697841726619,5.273381294964029,1.39568345323741,1013.6115107913669,10.5,139,3.7611005692599626,0.49999999999999994,-0.8660254037844387,1
Caracas,Venezuela,10.5,-66.9167,21.73698854337152,84.52373158756137,5.191489361702128,0.014729950900163666,1.397708674304419,1013.2716857610475,10.5,611,2.6802150537634404,-1.0,-1.8369701987210297e-16,0
Carreria,Paraguay,-21.55,-58.12,29.518181818181816,35.0,15.20909090909091,8.454545454545455,1.5454545454545454,1014.3636363636364,21.55,11,3.4300000000000033,1.2246467991473532e-16,-1.0,5
Carreria,Paraguay,-21.55,-58.1167,24.24285714285714,69.35714285714286,6.607142857142857,0.0,1.0,1009.2142857142857,21.55,14,1.0374999999999979,1.0,6.123233995736766e-17,0
Castries,Saint Lucia,14.0,-61.0,27.016511318242344,80.29693741677762,20.801731025299603,1.1221038615179761,1.2303595206391478,1013.4141145139813,14.0,751,2.399485741000465,1.2246467991473532e-16,-1.0,1
Chi Chi Khvar,Iran,36.26,46.59,28.57153284671533,19.474452554744527,20.370072992700727,7.175182481751825,1.3503649635036497,1005.6131386861314,36.26,137,11.782732447817832,-0.8660254037844385,-0.5000000000000004,2
Chi Chi Khvar,Iran,36.2625,46.59,13.799299474605954,37.39054290718038,12.326444833625219,5.53415061295972,1.7565674255691768,1014.9982486865149,36.2625,571,32.17023737066342,-0.8660254037844385,-0.5000000000000004,4
Chi-Chi-Erh,Russia,51.7,94.45,-12.490243902439024,76.1951219512195,6.478048780487805,1.5414634146341464,1.0731707317073171,1030.7073170731708,51.70000000000001,41,25.875,0.8660254037844387,-0.4999999999999998,4
City Of San Marino,San Marino,43.93,12.45,31.3,55.0,19.1,8.0,1.0,1009.0,43.93,1,0.0,-0.4999999999999997,-0.8660254037844388,5
Colombo,Sri Lanka,6.93,79.85,29.026086956521738,80.14492753623189,15.664492753623188,3.246376811594203,1.1884057971014492,1007.768115942029,6.93,138,6.197058823529414,-0.8660254037844386,0.5000000000000001,0
Colombo,Sri Lanka,6.9319,79.8478,30.512052117263845,71.32084690553746,17.932736156351794,7.1612377850162865,2.1156351791530943,1009.2915309446254,6.9319,614,2.708333333333332,0.8660254037844387,-0.4999999999999998,3
Conakry,Guinea,9.5092,-13.7122,25.815686274509805,83.43790849673202,10.720098039215687,1.0401960784313726,2.076797385620915,1011.6356209150326,9.5092,612,1.5873152709359566,0.8660254037844386,0.5000000000000001,0
Conakry,Guinea,9.51,-13.71,27.354676258992807,83.38129496402878,13.433093525179856,5.863309352517986,1.0215827338129497,1013.4892086330935,9.51,139,4.542314990512335,0.49999999999999994,-0.8660254037844387,1
Copenhagen,Denmark,55.6667,12.5833,8.870309951060358,79.49592169657423,19.448450244698204,1.0150081566068516,1.2512234910277324,1014.9869494290375,55.666700000000006,613,19.066417050691246,-0.4999999999999997,-0.8660254037844388,4
Copenhagen,Denmark,55.67,12.58,19.145652173913042,63.68840579710145,19.8731884057971,4.630434782608695,1.0869565217391304,1013.6304347826087,55.67,138,8.283870967741937,-0.8660254037844385,-0.5000000000000004,2
Costa Rica,كولومبيا,6.43,-70.92,23.1,95.0,6.5,5.0,1.0,1017.0,6.43,1,0.0,-0.4999999999999997,-0.8660254037844388,1
Dakar,Senegal,14.67,-17.44,28.00935251798561,75.7410071942446,16.08129496402878,6.35251798561151,1.4028776978417266,1012.5251798561151,14.67,139,2.094876660341555,-0.8660254037844385,-0.5000000000000004,1
Dakar,Senegal,14.6708,-17.4381,23.43110749185668,78.2328990228013,22.28469055374593,0.8767100977198696,2.3925081433224755,1012.5798045602606,14.6708,614,7.623809523809523,-0.8660254037844386,0.5000000000000001,0
Damascus,Syria,33.5,36.3,21.445006657789616,41.61917443408788,13.551930758988016,5.305592543275632,1.7922769640479361,1014.5925432756325,33.5,751,25.033620450125035,-0.4999999999999997,-0.8660254037844388,2
Dhaka,Bangladesh,23.72,90.41,30.327536231884057,72.23913043478261,18.207971014492752,4.536231884057971,1.7246376811594204,1000.5797101449275,23.72,138,3.738709677419358,-0.8660254037844386,0.5000000000000001,0
Dhaka,Bangladesh,23.7231,90.4086,31.37030995106036,40.758564437194124,12.466231647634585,4.731158238172919,3.236541598694943,1007.5399673735726,23.7231,613,9.966290322580647,0.8660254037844387,-0.4999999999999998,3
Dhidhdhoo,Maldives,6.88,73.1,28.15247524752475,78.20792079207921,22.440594059405942,6.376237623762377,1.0396039603960396,1008.6534653465346,6.88,101,0.6637096774193552,-0.4999999999999997,-0.8660254037844388,1
Dhidhdhoo,Maldives,6.8833,73.1,27.86666666666667,74.04738562091504,18.14934640522876,8.728594771241829,1.3823529411764706,1010.0424836601308,6.8833,612,1.9094923320994148,0.49999999999999994,-0.8660254037844387,1
Dili,Timor-Leste,-8.56,125.57,24.552554744525548,75.7080291970803,9.744525547445255,1.3576642335766422,1.0,1012.7518248175182,8.56,137,3.2571428571428562,-0.8660254037844386,0.5000000000000001,0
Dili,Timor-Leste,-8.5586,125.5736,26.87495908346972,75.20949263502455,9.445008183306054,2.369721767594108,1.0752864157119477,1008.4991816693945,8.5586,611,2.104247311827958,-0.5000000000000004,0.8660254037844384,0
Djibouti,Djibouti,11.595,43.1481,30.229575163398692,57.877450980392155,15.834150326797385,7.66781045751634,2.084967320261438,1011.7761437908497,11.595,612,14.144473823373872,-0.4999999999999997,-0.8660254037844388,5
Djibouti,Djibouti,11.6,43.15,36.214598540145985,47.98540145985402,17.62043795620438,8.145985401459853,1.7664233576642336,1002.8102189781022,11.6,137,3.7250000000000014,-0.4999999999999997,-0.8660254037844388,5
Dodoma,Tanzania,-6.1833,35.75,24.438562091503268,59.138888888888886,11.387418300653595,8.566503267973856,1.1830065359477124,1017.8562091503268,6.1833,612,4.989408602150537,-0.5000000000000004,0.8660254037844384,0
Dodoma,Tanzania,-6.18,35.75,27.867625899280576,33.798561151079134,14.241007194244604,8.050359712230216,1.0431654676258992,1015.6762589928057,6.18,139,1.8611764705882372,-1.0,-1.8369701987210297e-16,0
Doha,Qatar,25.2867,51.5333,30.75875613747954,41.4075286415712,18.599836333878887,6.366612111292962,3.0196399345335516,1010.9607201309329,25.2867,611,20.332681121099945,-0.4999999999999997,-0.8660254037844388,3
Doha,Qatar,25.29,51.53,38.916546762589924,38.26618705035971,19.651079136690647,9.0,2.7553956834532376,999.0359712230215,25.29,139,3.6754563894523358,-0.4999999999999997,-0.8660254037844388,5
Douala,Cameroon,4.05,9.7,27.6,80.0,13.0,6.0,1.0,1011.0,4.05,1,0.0,1.2246467991473532e-16,-1.0,1
Douala,Cameroon,4.0503,9.7,25.463414634146343,96.0,4.149477351916377,0.9020905923344947,1.6933797909407666,1011.6759581881533,4.0503,287,1.59060606060606,-0.5000000000000004,0.8660254037844384,0
Dublin,Ireland,53.33,-6.25,16.473913043478262,69.6086956521739,18.5,4.043478260869565,1.0724637681159421,1013.0434782608696,53.33,138,5.538709677419355,-0.8660254037844385,-0.5000000000000004,2
Dublin,Ireland,53.3331,-6.2489,9.518330605564648,84.44353518821605,15.49705400981997,0.5376432078559739,1.1718494271685762,1012.5564648117839,53.3331,611,11.747103825136612,-0.4999999999999997,-0.8660254037844388,4
Dushanbe,Tajikistan,38.56,68.77,30.960869565217394,26.934782608695652,11.141304347826088,6.7898550724637685,1.1884057971014492,1008.7391304347826,38.56,138,10.043074003795066,-0.8660254037844385,-0.5000000000000004,2
Dushanbe,Tajikistan,38.56,68.7739,20.497385620915033,41.20424836601307,6.086274509803922,4.634640522875817,1.5931372549019607,1017.4803921568628,38.56,612,31.396932839767317,-0.4999999999999997,-0.8660254037844388,4
Felidhoo,Maldives,3.48,73.53,28.79705882352941,78.94117647058823,27.26764705882353,1.4411764705882353,1.0,1009.7352941176471,3.48,34,0.05294117647058627,0.49999999999999994,-0.8660254037844387,1
Freetown,Sierra Leone,8.49,-13.2342,25.627941176470586,81.64542483660131,7.539542483660131,1.1013071895424837,1.977124183006536,1012.1846405228758,8.49,612,2.03553675304072,0.49999999999999994,0.8660254037844387,0
Freetown,Sierra Leone,8.49,-13.23,27.1021897810219,81.94160583941606,13.475912408759124,5.905109489051095,1.0218978102189782,1013.1532846715329,8.49,137,3.321442125237194,0.49999999999999994,-0.8660254037844387,1
Funafuti,Tuvalu,-8.52,179.22,28.512230215827337,83.96402877697842,16.25251798561151,1.0,1.0287769784172662,1010.0287769784172,8.52,139,0.49354838709677296,-0.8660254037844386,0.5000000000000001,0
Funafuti,Tuvalu,-8.5167,179.2167,28.90326264274062,80.88743882544861,18.825122349102774,0.037520391517128875,1.0407830342577489,1008.8662316476345,8.5167,613,1.0425806451612942,0.49999999999999994,-0.8660254037844387,1
Gaborone,Botswana,-24.65,25.91,25.374820143884893,20.892086330935253,12.251798561151078,7.546762589928058,1.1870503597122302,1019.5323741007194,24.65,139,9.063333333333333,-1.0,-1.8369701987210297e-16,0
Gaborone,Botswana,-24.6464,25.9119,21.766068515497555,60.531810766721044,12.909298531810766,5.7086460032626425,1.466557911908646,1020.2593800978793,24.6464,613,14.477129859387922,-2.4492935982947064e-16,1.0,0
Garrapata,Paraguay,-19.7,-58.7167,20.82906976744186,72.31395348837209,6.868604651162792,0.011627906976744186,1.0930232558139534,1012.546511627907,19.7,86,5.50818858560794,1.0,6.123233995736766e-17,0
Georgetown,Guyana,6.8,-58.17,26.942446043165468,87.0,8.548920863309352,5.805755395683454,1.1510791366906474,1013.4172661870504,6.8,139,3.817647058823532,0.49999999999999994,-0.8660254037844387,1
Georgetown,Guyana,6.8,-58.1667,24.057142857142857,96.63382594417077,9.286371100164203,0.020525451559934318,1.2594417077175697,1011.2725779967159,6.8,609,1.4081073446327643,-0.5000000000000004,0.8660254037844384,0
Grenada,USA United States of America,33.78,-89.81,28.2,73.0,5.0,7.0,1.0,1015.0,33.78,1,0.0,1.2246467991473532e-16,-1.0,1
Grenada,United States of America,33.7832,-89.807,22.2,79.0,11.5,0.0,1.0,1020.0,33.7832,1,0.0,1.2246467991473532e-16,-1.0,1
Grindavik,Iceland,63.83,-22.43,8.894444444444444,74.83333333333333,30.375,2.1944444444444446,1.0,1011.4444444444445,63.830000000000005,36,0.9145510835913306,1.2246467991473532e-16,-1.0,2
Guatemala City,Guatemala,14.62,-90.53,18.412408759124087,91.84671532846716,9.124087591240876,3.883211678832117,2.7737226277372264,1019.0364963503649,14.62,137,4.36812144212524,0.49999999999999994,-0.8660254037844387,1
Guatemala City,Guatemala,14.6211,-90.5269,17.005098684210527,89.22532894736842,5.3618421052631575,0.014802631578947368,1.84375,1020.9194078947369,14.6211,608,4.388774659627673,0.49999999999999994,-0.8660254037844387,1
Hanoi,Vietnam,21.03,105.85,29.321014492753626,80.1376811594203,11.60072463768116,1.5942028985507246,3.1956521739130435,1003.6086956521739,21.03,138,1.5799999999999983,-1.0,-1.8369701987210297e-16,0
Hanoi,Vietnam,21.0333,105.85,27.099021207177817,64.56933115823817,11.064274061990211,2.6362153344208807,3.3246329526916805,1010.7455138662317,21.0333,613,12.340031729243787,-0.4999999999999997,-0.8660254037844388,3
Harare,Zimbabwe,-17.82,31.04,25.521167883211678,18.197080291970803,10.467883211678831,7.591240875912408,1.6058394160583942,1016.2116788321168,17.82,137,6.046666666666667,-0.8660254037844386,0.5000000000000001,0
Harare,Zimbabwe,-17.8178,31.0447,22.063132137030998,50.99021207177814,11.184339314845024,7.129363784665579,1.468189233278956,1017.0097879282218,17.8178,613,8.080107526881719,-0.8660254037844386,0.5000000000000001,0
Havana,Cuba,23.13,-82.36,26.524460431654678,87.36690647482014,9.647482014388489,6.0359712230215825,1.1654676258992807,1014.726618705036,23.13,139,5.8235294117647065,0.49999999999999994,-0.8660254037844387,1
Havana,Cuba,23.1319,-82.3642,21.80229885057471,92.63875205254516,16.586699507389163,0.014778325123152709,1.1297208538587848,1016.5894909688013,23.1319,609,6.220910138248847,-0.4999999999999997,-0.8660254037844388,2
Helsinki,Finland,60.1756,24.9342,6.0973898858075035,77.87438825448613,16.65089722675367,1.0525285481239806,1.0734094616639478,1012.4176182707994,60.1756,613,29.585483870967742,-0.4999999999999997,-0.8660254037844388,4
Helsinki,Finland,60.18,24.93,20.257553956834535,59.33812949640288,17.50431654676259,4.7913669064748206,1.0863309352517985,1013.5035971223022,60.18,139,13.964705882352941,0.49999999999999994,-0.8660254037844387,2
Ho Chi Minh City,Vietnam,10.75,106.6667,33.3,67.0,20.2,9.6,2.0,1006.0,10.75,1,0.0,1.2246467991473532e-16,-1.0,5
Ho Chi Minh City,Vietnam,10.75,106.67,26.6,86.0,6.5,1.0,4.0,1008.0,10.75,1,0.0,1.2246467991473532e-16,-1.0,3
Honiara,Solomon Islands,-9.4333,159.95,27.8300163132137,84.25938009787929,8.753670473083197,0.20097879282218598,1.00326264274062,1008.278955954323,9.4333,613,1.7241935483870954,0.49999999999999994,-0.8660254037844387,1
Honiara,Solomon Islands,-9.43,159.95,25.551079136690646,88.30935251798562,10.271223021582735,1.0,1.0071942446043165,1011.31654676259,9.43,139,2.4435483870967722,-0.8660254037844386,0.5000000000000001,0
Islamabad,Pakistan,33.7,73.1667,27.111928104575163,29.74346405228758,9.813071895424837,4.947549019607843,2.8218954248366015,1010.1944444444445,33.7,612,18.875283732660776,1.2246467991473532e-16,-1.0,3
Islamabad,Pakistan,33.7,73.17,34.17101449275363,38.35507246376812,9.482608695652173,8.144927536231885,2.6231884057971016,999.4347826086956,33.7,138,5.803456221198161,-0.4999999999999997,-0.8660254037844388,5
Ivory,Madagascar,-24.37,46.45,26.514598540145986,36.22627737226277,11.174452554744526,7.693430656934306,1.0145985401459854,1017.9124087591241,24.37,137,5.995287356321839,-1.0,-1.8369701987210297e-16,0
Ivory,Madagascar,-24.3667,46.45,29.496884735202492,41.16822429906542,10.27227414330218,8.666043613707165,1.0467289719626167,1014.9563862928348,24.3667,321,14.549032258064514,-2.4492935982947064e-16,1.0,0
Ivory Ivory Ban,Malásia,4.63,118.37,24.3,93.0,6.5,1.0,1.0,1009.0,4.63,1,0.0,-0.4999999999999997,-0.8660254037844388,1
Jakarta,Indonesia,-6.2146,106.8451,30.610603588907015,69.36704730831974,14.86231647634584,4.392822185970637,3.9869494290375203,1007.2887438825448,6.2146,613,3.421311475409837,-0.8660254037844386,0.5000000000000001,0
Jakarta,Indonesia,-6.21,106.85,28.771942446043166,72.02158273381295,11.733093525179857,1.8633093525179856,4.661870503597123,1009.3597122302158,6.21,139,4.565517241379311,-0.8660254037844386,0.5000000000000001,0
Jerusalem,Israel,31.78,35.23,23.130892143808254,50.02796271637816,14.253528628495339,5.140745672436751,1.6711051930758989,1013.6205059920106,31.780000000000005,751,16.774275560415532,-0.4999999999999997,-0.8660254037844388,2
Juba,Sudan,12.15,24.45,28.380774365821097,28.375166889185582,21.457943925233646,6.140720961281708,2.5527369826435247,1012.260347129506,12.15,749,10.43824321017862,1.2246467991473532e-16,-1.0,5
Kabul,Afghanistan,34.5167,69.1833,17.055211726384364,28.319218241042346,6.343973941368078,5.848208469055375,1.6693811074918568,1013.3127035830619,34.5167,614,31.315071390798522,-0.4999999999999997,-0.8660254037844388,4
Kabul,Afghanistan,34.52,69.18,27.884172661870505,21.48201438848921,16.659712230215828,6.762589928057554,1.1798561151079137,1003.2805755395683,34.52,139,10.997565922920892,-0.4999999999999997,-0.8660254037844388,5
Kampala,Uganda,0.3156,32.5656,24.74771986970684,69.70032573289902,7.719381107491857,7.474592833876221,2.2833876221498373,1016.8648208469056,0.3156,614,2.8932142857142864,0.8660254037844386,0.5000000000000001,0
Kampala,Uganda,0.32,32.57,26.59927536231884,54.78260869565217,14.751449275362319,6.442028985507246,1.2608695652173914,1013.5507246376811,0.32,138,2.2566666666666677,-0.8660254037844386,0.5000000000000001,0
Kathmandu,Nepal,27.7167,85.3167,22.74290375203915,52.823817292006524,6.801141924959218,3.731810766721044,2.7928221859706364,1014.8743882544861,27.7167,613,11.537096774193547,-0.4999999999999997,-0.8660254037844388,3
Kathmandu,Nepal,27.72,85.32,24.56086956521739,78.83333333333333,8.216666666666667,2.8768115942028984,1.6956521739130435,1008.8695652173913,27.72,138,4.501612903225805,-0.8660254037844386,0.5000000000000001,0
Khartoum,Sudan,15.5881,32.5342,30.159150326797388,23.09967320261438,22.337091503267974,6.639052287581699,2.6944444444444446,1011.5392156862745,15.588099999999999,612,11.411979823455233,1.2246467991473532e-16,-1.0,5
Khartoum,Sudan,15.59,32.53,36.82028985507246,30.08695652173913,18.781884057971016,8.68840579710145,1.7681159420289856,1007.0072463768116,15.59,138,9.990132827324476,0.49999999999999994,-0.8660254037844387,5
Kigali,Rwanda,-1.9536,30.0606,22.571498371335505,67.54885993485343,5.379641693811075,7.25,2.0879478827361564,1021.2540716612377,1.9535999999999998,614,2.579139784946239,-0.8660254037844386,0.5000000000000001,0
Kigali,Rwanda,-1.95,30.06,27.61231884057971,36.72463768115942,10.209420289855073,7.6231884057971016,1.3623188405797102,1017.2898550724638,1.9499999999999997,138,2.0961904761904755,-0.4999999999999997,-0.8660254037844388,5
Kingston,Jamaica,18.0,-76.8,26.214532871972317,77.02076124567473,5.191695501730104,0.03460207612456748,1.1764705882352942,1013.1280276816609,18.0,289,4.030194805194803,-0.8660254037844385,-0.5000000000000004,1
Kingstown,Saint Vincent and the Grenadines,13.13,-61.22,29.018115942028984,75.8840579710145,25.365942028985508,5.905797101449275,1.0289855072463767,1013.8768115942029,13.13,138,1.6705882352941188,0.49999999999999994,-0.8660254037844387,1
Kingstown,Saint Vincent and the Grenadines,13.1333,-61.2167,26.839934533551556,77.54828150572831,26.580687397708672,0.018166939443535188,1.2831423895253682,1013.0900163666121,13.1333,611,2.6315573770491802,-0.8660254037844386,0.5000000000000001,0
Kingstown,Saint-Vincent-et-les-Grenadines,13.13,-61.22,27.8,82.0,27.0,6.0,1.0,1017.0,13.13,1,0.0,-0.4999999999999997,-0.8660254037844388,1
Kinshasa,Democratic Republic of Congo,-4.3,15.3,26.351001335113487,74.91722296395194,6.436315086782376,4.642723631508678,1.855807743658211,1014.1134846461949,4.3,749,2.1879353233830834,1.2246467991473532e-16,-1.0,1
Kiyabo,Philippines,14.6,120.98,30.3,75.0,9.0,1.0,2.0,1007.0,14.6,1,0.0,-0.4999999999999997,-0.8660254037844388,3
Koror,Palau,7.33,134.48,27.373584905660376,81.52830188679245,9.88679245283019,1.0,1.0,1010.3207547169811,7.33,53,1.470443349753694,-0.8660254037844385,-0.5000000000000004,1
Koror,Palau,7.3333,134.4833,29.224912280701755,77.47368421052632,17.583508771929825,5.4491228070175435,1.0105263157894737,1007.3894736842105,7.3332999999999995,285,1.8100000000000023,0.8660254037844387,-0.4999999999999998,1
Krasnyy Turkmenistan,Turkménistan,37.7,65.37,37.8,11.0,22.0,9.0,1.0,998.0,37.7,1,0.0,-0.4999999999999997,-0.8660254037844388,5
Kuala Lumpur,Malaysia,3.1667,101.7,31.082026143790852,66.54084967320262,6.606045751633987,4.884313725490196,2.834967320261438,1007.7761437908497,3.1667,612,4.2258064516129,-0.4999999999999997,-0.8660254037844388,3
Kuala Lumpur,Malaysia,3.17,101.7,28.399280575539567,78.62589928057554,5.6568345323741,1.6115107913669064,3.446043165467626,1008.6546762589928,3.17,139,6.066666666666663,-0.8660254037844386,0.5000000000000001,0
Kuwait,Kuwait,29.37,47.98,44.4,16.0,37.8,10.0,5.0,993.0,29.37,1,0.0,-0.4999999999999997,-0.8660254037844388,5
Kuwait City,Kuwait,29.3667,47.96,28.17892156862745,30.823529411764707,17.18578431372549,5.581862745098039,3.854575163398693,1012.2859477124183,29.366700000000005,612,27.846218931782122,-0.4999999999999997,-0.8660254037844388,3
Kuwait City,Kuwait,29.37,47.96,42.26521739130435,17.514492753623188,17.1268115942029,9.528985507246377,2.746376811594203,998.7971014492754,29.37,138,5.358823529411765,-0.4999999999999997,-0.8660254037844388,5
Kyiv,Ukraine,50.43,30.52,26.39064748201439,38.15827338129496,14.08201438848921,6.539568345323741,1.1510791366906474,1014.3021582733813,50.43,139,13.346551724137932,-0.4999999999999997,-0.8660254037844388,2
Kyiv,Ukraine,50.4333,30.5167,8.821498371335505,66.09609120521172,13.868078175895766,1.8732899022801304,1.504885993485342,1017.8973941368079,50.4333,614,30.259907834101384,-0.4999999999999997,-0.8660254037844388,4
Laos,Indonesia,-8.1826,114.3188,27.5093137254902,76.11437908496733,7.512418300653596,3.3728758169934636,1.946078431372549,1008.6454248366013,8.1826,612,2.7409139784946213,-0.8660254037844386,0.5000000000000001,0
Laos,Indonesia,-8.18,114.32,21.832608695652176,88.83333333333333,6.182608695652174,1.710144927536232,1.565217391304348,1012.6739130434783,8.18,138,6.689655172413794,-0.8660254037844386,0.5000000000000001,0
Libreville,Gabon,0.38,9.45,27.807971014492754,73.97101449275362,13.087681159420288,6.398550724637682,1.144927536231884,1012.6231884057971,0.38,138,3.0735294117647065,0.49999999999999994,-0.8660254037844387,1
Libreville,Gabon,0.3833,9.45,26.484013050570965,85.80587275693311,8.988743882544862,2.838988580750408,1.4127243066884176,1012.5660685154976,0.3833,613,3.60483870967742,-2.4492935982947064e-16,1.0,0
Lilongwe,Malawi,-13.9833,33.7833,23.40179445350734,62.01957585644372,10.624959216965744,7.359543230016313,1.168026101141925,1019.3148450244698,13.9833,613,6.7548387096774185,-2.4492935982947064e-16,1.0,0
Lilongwe,Malawi,-13.98,33.78,25.677697841726616,31.762589928057555,15.072661870503596,7.784172661870503,1.1726618705035972,1019.0359712230215,13.98,139,7.60588235294118,-0.8660254037844386,0.5000000000000001,0
Lima,Peru,-12.05,-77.05,18.09330655957162,83.83534136546184,8.92570281124498,0.8969210174029452,1.748326639892905,1013.0294511378848,12.05,747,7.316877880184331,0.8660254037844386,0.5000000000000001,0
Lisbon,Portugal,38.7167,-9.1333,15.05700325732899,82.59771986970684,14.055048859934852,0.8555374592833875,1.5374592833876222,1017.5814332247558,38.7167,614,11.385483870967743,-0.4999999999999997,-0.8660254037844388,2
Lisbon,Portugal,38.72,-9.13,24.695620437956205,54.8978102189781,16.972262773722626,6.2700729927007295,1.1532846715328466,1015.6569343065694,38.72,137,5.303225806451614,-0.8660254037844385,-0.5000000000000004,1
Ljubljana,Slovenia,46.0553,14.5144,10.185970636215334,78.49918433931485,5.329037520391517,1.4856443719412724,1.9396411092985317,1018.2088091353996,46.0553,613,21.268221941992433,1.2246467991473532e-16,-1.0,4
Ljubljana,Slovenia,46.06,14.51,24.837410071942447,55.381294964028775,9.353237410071943,5.920863309352518,1.0863309352517985,1014.0,46.06,139,16.36290322580645,-0.8660254037844385,-0.5000000000000004,2
Lom,Bulgaria,43.81,23.24,26.202777777777776,43.02777777777778,15.086111111111112,6.166666666666667,1.0277777777777777,1013.0555555555555,43.81,36,8.186068111455107,1.2246467991473532e-16,-1.0,2
Lom,Bulgaria,43.8139,23.2361,9.1280276816609,78.65051903114187,10.914878892733565,0.9110726643598617,1.4463667820069204,1016.7404844290658,43.8139,289,24.457575757575757,-0.8660254037844385,-0.5000000000000004,4
Lom,Norway,61.8333,8.55,10.1,86.0,9.0,0.2,1.0,1005.0,61.8333,1,0.0,1.2246467991473532e-16,-1.0,2
Lom,Russia,59.13,44.3,22.474999999999998,56.333333333333336,9.549999999999999,5.75,1.0,1011.9166666666666,59.13,12,4.916666666666668,-0.4999999999999997,-0.8660254037844388,2
Lome,Togo,6.13,1.22,27.9,74.0,19.1,6.0,1.0,1011.0,6.13,1,0.0,1.2246467991473532e-16,-1.0,1
Lome,Togo,6.1319,1.2228,26.3,94.0,22.0,0.0,1.0,1014.0,6.1319,1,0.0,1.2246467991473532e-16,-1.0,1
London,United Kingdom,51.5171,-0.1062,10.440293637846656,82.67862969004894,13.295758564437195,0.8221859706362153,1.4437194127243067,1015.1011419249592,51.5171,613,15.49074563722898,-0.4999999999999997,-0.8660254037844388,4
London,United Kingdom,51.52,-0.11,19.597080291970805,60.90510948905109,16.48102189781022,4.810218978102189,1.0875912408759123,1013.4598540145986,51.52,137,9.180645161290322,-0.8660254037844385,-0.5000000000000004,2
Luanda,Angola,-8.84,13.23,25.834532374100718,68.05035971223022,15.93381294964029,7.251798561151079,2.8489208633093526,1012.5395683453237,8.84,139,4.630170777988614,0.49999999999999994,-0.8660254037844387,3
Luanda,Angola,-8.8383,13.2344,26.03491027732463,77.44045676998368,8.012724306688417,3.463458401305057,1.7422512234910277,1012.6296900489397,8.8383,613,6.944579587519829,1.0,6.123233995736766e-17,0
Lusaka,Zambia,-15.42,28.28,27.16115107913669,20.820143884892087,13.03021582733813,7.848920863309353,1.381294964028777,1014.9136690647482,15.42,139,6.93823529411765,-0.8660254037844386,0.5000000000000001,0
Lusaka,Zambia,-15.4167,28.2833,23.122185970636213,55.97226753670473,13.163784665579119,6.488254486133768,1.200652528548124,1015.8450244698206,15.416700000000002,613,8.888010752688174,-0.8660254037844386,0.5000000000000001,0
Luxembourg,Luxembourg,49.61,6.13,19.43868613138686,66.75912408759125,15.11167883211679,4.737226277372263,1.0656934306569343,1014.7664233576643,49.61,137,12.445161290322579,-0.8660254037844385,-0.5000000000000004,2
Luxembourg,Luxembourg,49.6117,6.13,8.745751633986927,82.11764705882354,12.919607843137255,1.0312091503267975,1.4656862745098038,1016.7287581699346,49.6117,612,17.289740877842412,-0.4999999999999997,-0.8660254037844388,4
Madrid,Spain,40.4,-3.6833,12.778664495114008,69.39087947882736,10.609446254071662,1.0666123778501628,1.5423452768729642,1018.6726384364821,40.4,614,19.77445795875198,-0.8660254037844385,-0.5000000000000004,4
Madrid,Spain,40.4,-3.68,28.178985507246374,32.32608695652174,11.566666666666666,7.239130434782608,1.0289855072463767,1015.1304347826087,40.4,138,14.660714285714285,-0.4999999999999997,-0.8660254037844388,2
Majuro,Marshall Islands,7.1,171.38,28.401438848920865,80.26618705035972,13.3136690647482,1.0,1.0,1010.0935251798561,7.1,139,0.8533333333333317,-0.8660254037844386,0.5000000000000001,0
Majuro,Marshall Islands,7.1,171.3833,28.19820554649266,81.38988580750407,24.69836867862969,0.07357259380097879,1.0815660685154975,1009.3393148450244,7.1000000000000005,613,0.7723955579058703,0.49999999999999994,0.8660254037844387,0
Malabo,Equatorial Guinea,3.75,8.78,27.219424460431654,85.33812949640287,11.56474820143885,5.805755395683454,1.0,1013.3021582733813,3.75,139,4.824857685009491,0.49999999999999994,-0.8660254037844387,1
Malabo,Equatorial Guinea,3.75,8.7833,26.857491856677523,87.72312703583061,6.77100977198697,2.8537459283387623,1.3355048859934853,1012.985342019544,3.75,614,2.595833333333335,0.8660254037844386,0.5000000000000001,0
Male,Maldives,4.1667,73.5,28.3,80.0,26.6,3.4,1.0,1012.0,4.1667,1,0.0,1.2246467991473532e-16,-1.0,1
Male,Maldives,4.17,73.5,28.8,81.0,25.2,6.0,1.0,1007.0,4.17,1,0.0,1.2246467991473532e-16,-1.0,1
Managua,Nicaragua,12.15,-86.27,25.47173913043478,90.18115942028986,6.377536231884058,5.384057971014493,1.181159420289855,1010.6811594202899,12.15,138,6.288235294117648,0.49999999999999994,-0.8660254037844387,1
Managua,Nicaragua,12.1508,-86.2683,24.23141447368421,82.36842105263158,12.427138157894737,0.014802631578947368,1.0707236842105263,1011.2944078947369,12.1508,608,4.451875520978053,0.49999999999999994,-0.8660254037844387,1
Manama,Bahrain,26.2361,50.5831,27.984665579119085,51.884176182707996,19.03491027732463,6.194290375203915,3.2463295269168024,1011.78955954323,26.2361,613,19.95996827075622,-0.8660254037844385,-0.5000000000000004,3
Manama,Bahrain,26.24,50.58,36.910071942446045,46.36690647482014,20.33021582733813,8.280575539568344,2.841726618705036,999.4964028776978,26.24,139,3.888235294117642,-0.8660254037844386,0.5000000000000001,0
Manila,Philippines,14.6,120.98,28.8985401459854,82.54014598540147,9.196350364963504,1.3576642335766422,2.1751824817518246,1008.6058394160584,14.6,137,2.0749999999999993,0.49999999999999994,-0.8660254037844387,3
Manila,Philippines,14.6042,120.9822,30.76068515497553,67.64274061990213,14.500652528548123,2.5220228384991845,1.9494290375203915,1008.4518760195758,14.604200000000002,613,5.932759562841536,0.8660254037844387,-0.4999999999999998,3
Maputo,Mozambique,-25.97,32.59,25.89064748201439,49.330935251798564,17.053237410071944,7.258992805755396,1.3237410071942446,1018.5755395683453,25.97,139,3.2689655172413836,-0.4999999999999997,-0.8660254037844388,2
Maputo,Mozambique,-25.9653,32.5892,25.31990212071778,68.61011419249593,13.015171288743883,5.610603588907015,1.1745513866231647,1017.3148450244698,25.9653,613,7.179990842490842,0.8660254037844386,0.5000000000000001,0
Maseru,Lesotho,-29.32,27.48,18.159420289855074,26.608695652173914,16.43840579710145,6.130434782608695,1.2463768115942029,1021.4927536231884,29.32,138,7.820588235294116,0.49999999999999994,-0.8660254037844387,1
Maseru,Lesotho,-29.3167,27.4833,18.939705882352943,50.1421568627451,11.39232026143791,5.812091503267974,1.7156862745098038,1020.7254901960785,29.3167,612,16.04495450785773,-2.4492935982947064e-16,1.0,0
Mbabane,Senegal,14.4833,-15.2667,24.78,63.0,14.819999999999999,0.0,2.8,1011.8,14.4833,5,0.0,1.2246467991473532e-16,-1.0,3
Mbabane,Swaziland,-26.32,31.13,22.718115942028984,35.22463768115942,12.796376811594204,6.818840579710145,1.6231884057971016,1019.4782608695652,26.32,138,7.970967741935478,-0.8660254037844385,-0.5000000000000004,2
Mbabane,Swaziland,-26.3167,31.1333,21.044316309719935,65.86985172981878,7.4990115321252055,5.476771004942339,1.5337726523887973,1019.8253706754531,26.3167,607,7.764516129032259,-2.4492935982947064e-16,1.0,0
Melbourne,Australia,-37.82,144.97,11.6,54.0,18.0,1.0,1.0,1014.0,37.82,1,0.0,1.2246467991473532e-16,-1.0,2
Melbourne,Australia,-37.8167,144.9667,12.2,94.0,32.4,0.0,1.0,1001.0,37.8167,1,0.0,1.2246467991473532e-16,-1.0,2
Mexico (Grupo Mexico),Mexique,27.42,-109.93,27.4,72.0,15.1,7.0,1.0,1013.0,27.42,1,0.0,-0.4999999999999997,-0.8660254037844388,1
Mexico City,Mexico,19.4285,-99.1277,14.360327868852458,66.04754098360655,5.48,0.014754098360655738,2.7868852459016393,1025.204918032787,19.4285,610,5.778770491803279,0.49999999999999994,-0.8660254037844387,1
Mexico City,Mexico,19.43,-99.13,16.18550724637681,76.85507246376811,6.673188405797101,2.181159420289855,2.0217391304347827,1023.6594202898551,19.43,138,6.752941176470589,0.49999999999999994,-0.8660254037844387,1
Meyungs,Palau,7.35,134.45,27.0,89.4375,8.924999999999999,1.0,1.0,1010.25,7.35,16,0.0,0.49999999999999994,-0.8660254037844387,1
Minsk,Belarus,53.9,27.5667,6.6006535947712415,76.81862745098039,16.488725490196078,1.4179738562091502,1.4281045751633987,1015.4918300653595,53.89999999999999,612,27.828225806451613,-0.4999999999999997,-0.8660254037844388,4
Minsk,Belarus,53.9,27.57,23.091366906474818,53.776978417266186,16.376978417266187,5.517985611510792,1.1079136690647482,1015.431654676259,53.9,139,13.964516129032258,-0.8660254037844385,-0.5000000000000004,2
Mogadishu,Somalia,2.0667,45.3667,28.945588235294117,75.140522875817,26.136764705882353,9.388725490196078,1.2777777777777777,1012.8578431372549,2.0667,612,3.1930645161290307,0.8660254037844387,-0.4999999999999998,1
Mogadishu,Somalia,2.07,45.37,28.35,75.48550724637681,30.286231884057973,6.3768115942028984,1.108695652173913,1011.7826086956521,2.07,138,2.0741935483871003,-0.8660254037844386,0.5000000000000001,0
Moldova,Polônia,53.33,21.62,27.7,52.0,29.5,7.0,1.0,1010.0,53.33,1,0.0,-0.4999999999999997,-0.8660254037844388,5
Mombasa,Kenya,-4.05,39.6667,26.2,84.0,18.4,3.2,1.0,1016.0,4.05,1,0.0,1.2246467991473532e-16,-1.0,1
Mombasa,Kenya,-4.05,39.67,26.8,65.0,32.8,8.0,1.0,1014.0,4.05,1,0.0,1.2246467991473532e-16,-1.0,5
Monaco,Monaco,43.73,7.42,25.074452554744525,66.8905109489051,14.293430656934307,5.868613138686132,1.0145985401459854,1012.8321167883212,43.73,137,7.672485768500948,-0.8660254037844385,-0.5000000000000004,1
Monaco,Monaco,43.7333,7.4167,16.088052373158757,63.270049099836335,8.944189852700491,1.4248772504091654,1.1571194762684125,1015.518821603928,43.7333,611,17.596985721840298,-0.8660254037844385,-0.5000000000000004,4
Monrovia,Liberia,6.31,-10.8,27.134057971014492,82.1304347826087,14.921014492753622,5.869565217391305,1.0144927536231885,1013.9492753623189,6.31,138,5.40588235294118,0.49999999999999994,-0.8660254037844387,1
Monrovia,Liberia,6.3106,-10.8047,25.57030995106036,89.70799347471451,7.88515497553018,1.2900489396411092,1.7389885807504077,1011.8466557911909,6.3106,613,1.995161290322578,-2.4492935982947064e-16,1.0,0
Montevideo,Uruguay,-34.86,-56.17,11.139568345323742,82.94964028776978,15.284172661870503,4.258992805755396,1.39568345323741,1019.3525179856115,34.86,139,5.921954022988506,1.2246467991473532e-16,-1.0,2
Montevideo,Uruguay,-34.8581,-56.1708,15.200326797385621,87.94117647058823,15.889869281045753,0.11568627450980391,1.1797385620915033,1015.6290849673203,34.8581,612,12.325460829493087,0.8660254037844386,0.5000000000000001,0
Morocco City,Marrocos,31.63,-8.0,40.3,14.0,16.9,10.0,1.0,1010.0,31.63,1,0.0,-0.4999999999999997,-0.8660254037844388,5
Moroni,Comoros,-11.7042,43.2403,27.01617647058824,72.67483660130719,14.725816993464054,8.707516339869281,1.1062091503267975,1014.8529411764706,11.7042,612,3.96833333333333,0.8660254037844387,-0.4999999999999998,1
Moroni,Comoros,-11.7,43.24,25.332846715328465,73.4014598540146,20.23795620437956,6.824817518248175,1.072992700729927,1016.07299270073,11.7,137,1.1096774193548384,-0.8660254037844386,0.5000000000000001,0
Moroni,Komoren,-12.35,43.85,25.2,71.0,24.8,8.0,1.0,1017.0,12.35,1,0.0,-0.4999999999999997,-0.8660254037844388,1
Moroni,USA United States of America,39.53,-111.59,18.2,43.0,6.8,5.0,1.0,1015.0,39.53,1,0.0,1.2246467991473532e-16,-1.0,1
Moroni,United States of America,39.5268,-111.585,18.3,21.0,6.5,0.0,1.0,1018.0,39.5268,1,0.0,1.2246467991473532e-16,-1.0,1
Moscow,Russia,55.75,37.62,23.448920863309354,46.49640287769784,15.597122302158274,5.9352517985611515,1.3237410071942446,1015.5179856115108,55.75,139,10.670689655172414,-0.4999999999999997,-0.8660254037844388,2
Moscow,Russia,55.7522,37.6156,6.4182707993474715,74.41272430668842,13.75252854812398,1.4752039151712886,2.7194127243066886,1014.4486133768353,55.75220000000001,613,31.024827188940094,-0.4999999999999997,-0.8660254037844388,4
Muscat,Oman,23.61,58.59,34.59424460431655,55.381294964028775,14.01294964028777,8.18705035971223,2.3597122302158273,998.9856115107914,23.61,139,4.891182795698928,1.2246467991473532e-16,-1.0,5
Muscat,Oman,23.6133,58.5933,31.1021207177814,49.59216965742251,14.535073409461663,7.306035889070148,2.2903752039151715,1010.2006525285482,23.6133,613,14.86048759983186,1.2246467991473532e-16,-1.0,5
N'djamena,Chad,12.11,15.05,33.22374100719425,54.42446043165467,13.8,7.9352517985611515,1.3525179856115108,1009.6546762589928,12.11,139,12.757874762808346,0.49999999999999994,-0.8660254037844387,5
N'djamena,Chad,12.1131,15.0492,28.45912052117264,37.12866449511401,16.724918566775244,3.9815960912052115,2.741042345276873,1011.6905537459284,12.1131,614,8.19516129032258,0.49999999999999994,-0.8660254037844387,3
Nairobi,Kenya,-1.2833,36.8167,21.04730831973899,62.71288743882545,12.273083197389886,8.95252854812398,1.6900489396411094,1023.3230016313214,1.2833,613,4.753622421998948,0.49999999999999994,0.8660254037844387,0
Nairobi,Kenya,-1.28,36.82,23.138129496402875,50.63309352517986,11.588489208633094,6.388489208633094,1.5467625899280575,1020.5251798561151,1.28,139,2.534482758620687,-0.8660254037844386,0.5000000000000001,0
Namawbin,Myanmar,24.2333,95.4833,37.099999999999994,39.0,3.6,9.75,1.5,1001.5,24.2333,2,0.0,1.2246467991473532e-16,-1.0,5
Nan,Thailand,18.78,100.78,27.673188405797102,86.1159420289855,5.792028985507246,1.673913043478261,1.1231884057971016,1005.0869565217391,18.78,138,2.4344827586206925,-0.8660254037844386,0.5000000000000001,0
Nan,Thailand,18.7833,100.7833,31.14169381107492,55.21661237785016,6.370521172638436,4.4563517915309445,1.9136807817589576,1008.78664495114,18.7833,614,7.659193548387098,0.8660254037844387,-0.4999999999999998,3
Nassau,Bahamas,25.08,-77.35,28.4007299270073,79.2919708029197,15.046715328467155,5.795620437956204,1.0145985401459854,1015.970802919708,25.08,137,2.8500000000000014,-0.4999999999999997,-0.8660254037844388,1
Nassau,Bahamas,25.0833,-77.35,23.762233169129722,81.16420361247947,22.712151067323482,0.014778325123152709,1.1280788177339902,1017.2709359605911,25.0833,609,8.398963133640557,-0.8660254037844385,-0.5000000000000004,2
National,Bolivia,-11.1833,-67.0833,21.94046052631579,88.14967105263158,4.183388157894737,0.019407894736842107,1.2220394736842106,1010.4917763157895,11.1833,608,4.672903225806447,-1.0,-1.8369701987210297e-16,0
National,Bolivia,-11.18,-67.08,24.8231884057971,52.492753623188406,5.234057971014493,6.811594202898551,2.0652173913043477,1014.536231884058,11.18,138,7.189655172413794,1.2246467991473532e-16,-1.0,5
New Delhi,Inde,28.6,77.2,31.2,71.0,6.8,9.0,2.0,996.0,28.6,1,0.0,-0.4999999999999997,-0.8660254037844388,5
New Delhi,India,28.6,77.2,30.192666666666668,44.30133333333333,10.5132,4.964799999999999,3.916,1008.4186666666667,28.6,750,18.995684667309547,1.2246467991473532e-16,-1.0,3
New Guatemala,Гватемала,14.62,-90.53,15.9,95.0,6.5,4.0,3.0,1020.0,14.62,1,0.0,-0.4999999999999997,-0.8660254037844388,1
New York,United States of America,40.71,-74.01,26.1,40.0,16.9,7.0,1.0,1013.0,40.71,1,0.0,1.2246467991473532e-16,-1.0,2
New York,United States of America,40.7142,-74.0064,19.4,35.0,8.6,0.0,1.0,1022.5,40.7142,2,0.0,1.2246467991473532e-16,-1.0,1
Newport East,Jamaica,17.9667,-76.8,25.65,80.0,6.85,0.0,1.0,1015.0,17.9667,2,0.0,1.2246467991473532e-16,-1.0,1
Ngaoundere,Cameroon,7.3167,13.5833,25.870496894409936,50.27639751552795,9.204347826086957,6.4394409937888195,2.2080745341614905,1016.639751552795,7.316700000000001,322,9.74483870967742,1.0,6.123233995736766e-17,0
Ngaoundere,Cameroon,7.32,13.58,23.889215686274508,74.33333333333333,7.185294117647058,5.254901960784314,1.0294117647058822,1014.5980392156863,7.32,102,3.2783870967741926,1.2246467991473532e-16,-1.0,1
Niamey,Niger,13.5167,2.1167,30.103726708074532,37.409937888198755,20.61024844720497,4.177329192546583,2.5248447204968945,1013.3695652173913,13.5167,322,8.42887096774194,1.0,6.123233995736766e-17,0
Niamey,Niger,13.52,2.12,33.7536231884058,47.91304347826087,17.080434782608695,8.253623188405797,1.2826086956521738,1011.0,13.52,138,10.174901960784311,0.49999999999999994,-0.8660254037844387,5
Niamey,Niger,13.6667,1.7833,25.618835616438357,40.75,15.07123287671233,0.4876712328767123,1.821917808219178,1011.5993150684932,13.6667,292,10.029139784946238,0.49999999999999994,-0.8660254037844387,5
Nicosia,Cyprus,35.1667,33.3667,21.89543973941368,55.156351791530945,11.356026058631922,3.9302931596091204,1.3794788273615635,1014.4478827361563,35.1667,614,20.986059907834104,-0.4999999999999997,-0.8660254037844388,2
Nicosia,Cyprus,35.17,33.37,33.960144927536234,37.04347826086956,17.53405797101449,7.804347826086956,1.1956521739130435,1006.6376811594203,35.17,138,9.257843137254905,1.2246467991473532e-16,-1.0,5
Ninga,Cameroon,4.3167,10.5167,23.400000000000002,99.0,3.6,0.20000000000000004,1.0,1014.6666666666666,4.3167,3,0.0,1.2246467991473532e-16,-1.0,1
Norman Gardens,Jamaica,17.97,-76.75,30.33055555555556,69.5,16.519444444444446,6.916666666666667,1.25,1013.0277777777778,17.97,36,0.21393188854489154,1.2246467991473532e-16,-1.0,5
Nouakchott,Mauritania,18.0864,-15.9753,22.475,54.57843137254902,20.38202614379085,0.8970588235294118,3.133986928104575,1013.4542483660131,18.0864,612,8.404999999999998,-0.8660254037844386,0.5000000000000001,0
Nouakchott,Mauritania,18.09,-15.98,27.257553956834535,63.611510791366904,19.933093525179856,6.920863309352518,2.115107913669065,1011.6978417266187,18.09,139,2.18686274509804,-1.0,-1.8369701987210297e-16,0
Nuku'alofa,Tonga,-21.1333,-175.2,22.4,83.0,19.4,0.0,1.0,1018.0,21.1333,1,0.0,1.2246467991473532e-16,-1.0,1
Nuku'alofa,Tonga,-21.13,-175.2,23.7,68.0,19.1,1.0,1.0,1019.0,21.13,1,0.0,1.2246467991473532e-16,-1.0,1
Nuku`Aloia,Tonga,-21.1333,-175.2,24.5155737704918,87.97868852459017,24.252786885245904,0.03934426229508197,1.0885245901639344,1013.8393442622951,21.1333,610,6.166871921182267,0.8660254037844386,0.5000000000000001,0
Nuku`Aloia,Tonga,-21.13,-175.2,21.931884057971015,84.21014492753623,17.26086956521739,1.0,1.1304347826086956,1017.268115942029,21.13,138,2.537298387096776,0.49999999999999994,-0.8660254037844387,1
Oslo,Norway,59.9167,10.75,6.316830065359477,77.87418300653594,8.182679738562092,0.8050653594771242,1.2205882352941178,1011.2565359477125,59.9167,612,21.981021505376344,-0.4999999999999997,-0.8660254037844388,4
Oslo,Norway,59.92,10.75,15.02463768115942,70.98550724637681,25.18623188405797,4.739130434782608,1.0942028985507246,1009.5942028985507,59.92000000000001,138,7.467450980392156,0.49999999999999994,-0.8660254037844387,2
Ottawa,Canada,45.4167,-75.7,2.3461538461538463,81.79705400981997,11.139443535188216,0.014729950900163666,1.1963993453355155,1015.2291325695581,45.4167,611,29.04736559139785,-0.4999999999999997,-0.8660254037844388,4
Ottawa,Canada,45.42,-75.7,17.272661870503597,85.23741007194245,10.902877697841726,4.151079136690647,1.1007194244604317,1015.2446043165468,45.42,139,6.589080459770118,-0.4999999999999997,-0.8660254037844388,2
Ouagadougou,Burkina Faso,12.37,-1.52,32.00217391304348,57.68840579710145,14.886231884057972,7.550724637681159,1.1521739130434783,1011.768115942029,12.37,138,8.470588235294116,0.49999999999999994,-0.8660254037844387,5
Ouagadougou,Burkina Faso,12.3703,-1.5247,26.98680781758958,49.957654723127035,15.256677524429968,2.1143322475570034,2.5586319218241043,1012.842019543974,12.3703,614,5.906716023268114,1.0,6.123233995736766e-17,0
Palau,USA United States of America,7.5,134.57,27.2,82.0,27.0,1.0,1.0,1010.0,7.5,1,0.0,1.2246467991473532e-16,-1.0,1
Palau,United States of America,7.4966,134.574,26.1,89.0,7.6,5.6,1.0,1010.0,7.4966,1,0.0,1.2246467991473532e-16,-1.0,1
Palikir,Micronesia,6.9167,158.15,28.453191489361704,82.11947626841244,23.141080196399347,0.227986906710311,1.0769230769230769,1009.1440261865794,6.9167,611,1.1056451612903224,0.8660254037844387,-0.4999999999999998,1
Palikir,Micronesia,6.92,158.15,27.097101449275364,87.5,8.77246376811594,1.0,1.0072463768115942,1011.036231884058,6.92,138,0.7583333333333329,0.49999999999999994,-0.8660254037844387,1
Panama City,Panama,8.9667,-79.5333,25.269016393442623,89.89180327868853,8.164918032786886,0.022295081967213113,1.0901639344262295,1010.0049180327869,8.9667,610,1.7084309133489484,0.49999999999999994,-0.8660254037844387,1
Panama City,Panama,8.97,-79.53,26.479136690647483,90.18705035971223,6.220143884892087,5.453237410071942,1.158273381294964,1010.6187050359712,8.97,139,3.026470588235295,0.49999999999999994,-0.8660254037844387,1
Paramaribo,Suriname,5.83,-55.17,27.041304347826085,82.1376811594203,9.431159420289855,6.13768115942029,1.0144927536231885,1013.5434782608696,5.83,138,4.96764705882353,0.49999999999999994,-0.8660254037844387,1
Paramaribo,Suriname,5.8333,-55.1667,23.75433715220949,95.9328968903437,9.294926350245499,0.027004909983633387,1.176759410801964,1011.2896890343699,5.8333,611,1.2798809523809567,-0.8660254037844386,0.5000000000000001,0
Paris,France,48.8667,2.3333,11.213888888888889,80.63398692810458,11.893300653594771,0.9235294117647059,1.6486928104575163,1016.8316993464052,48.8667,612,16.72342675832893,-0.4999999999999997,-0.8660254037844388,4
Paris,France,48.87,2.33,21.619424460431652,58.87769784172662,13.996402877697841,5.381294964028777,1.1007194244604317,1014.5611510791367,48.87,139,11.65322580645161,-0.8660254037844385,-0.5000000000000004,2
Pasto,Paraguay,-19.45,-61.15,22.348000000000003,49.96,17.176,6.4,1.12,1017.12,19.45,25,9.334722222222222,1.2246467991473532e-16,-1.0,2
Pathein,Myanmar,16.78,94.73,28.80625,79.3125,14.94375,1.5,1.0,1005.125,16.78,16,0.0,0.49999999999999994,-0.8660254037844387,1
Phnom Penh,Cambodia,11.55,104.9167,32.55090016366612,55.366612111292966,14.404746317512274,4.217348608837971,2.0752864157119477,1006.9263502454992,11.55,611,6.4987096774193525,0.8660254037844387,-0.4999999999999998,3
Phnom Penh,Cambodia,11.55,104.92,29.338405797101448,81.21739130434783,10.194927536231885,1.710144927536232,1.4057971014492754,1006.1449275362319,11.55,138,3.0568965517241367,-0.8660254037844386,0.5000000000000001,0
Phnum Penh,Cambodia,11.55,104.9167,33.4,50.0,28.8,10.5,1.0,1006.0,11.55,1,0.0,1.2246467991473532e-16,-1.0,5
Phnum Penh,Cambodia,11.55,104.92,26.3,74.0,13.7,1.0,2.0,1008.0,11.55,1,0.0,1.2246467991473532e-16,-1.0,3
Podgorica,Montenegro,42.44,19.26,30.23913043478261,42.89855072463768,9.354347826086958,6.891304347826087,1.108695652173913,1011.6594202898551,42.44,138,15.219354838709677,-0.8660254037844385,-0.5000000000000004,2
Podgorica,Montenegro,42.4411,19.2636,15.857843137254902,63.138888888888886,6.78921568627451,2.1062091503267975,1.434640522875817,1016.6650326797386,42.4411,612,23.661290322580648,-0.4999999999999997,-0.8660254037844388,4
Port Louis,Mauritius,-20.1619,57.4989,27.515196078431373,69.08169934640523,19.23545751633987,8.858660130718954,1.0326797385620916,1016.437908496732,20.1619,612,6.046255760368663,0.8660254037844386,0.5000000000000001,0
Port Louis,Mauritius,-20.16,57.5,23.502877697841726,67.32374100719424,19.58201438848921,5.223021582733813,1.0935251798561152,1019.1438848920864,20.16,139,3.741935483870968,-0.8660254037844386,0.5000000000000001,0
Port Moresby,Papua New Guinea,-9.4647,147.1925,27.259120521172637,81.46905537459283,14.345276872964169,0.6166123778501629,1.0553745928338762,1007.6335504885993,9.4647,614,1.823440860215051,-2.4492935982947064e-16,1.0,0
Port Moresby,Papua New Guinea,-9.46,147.19,25.318115942028985,85.6376811594203,17.38478260869565,1.0,1.065217391304348,1011.036231884058,9.46,138,2.635714285714286,-0.8660254037844386,0.5000000000000001,0
Port Of Spain,Trinidad and Tobago,10.65,-61.52,27.92230215827338,83.20143884892086,10.591366906474821,6.215827338129497,1.064748201438849,1013.3453237410072,10.65,139,4.767647058823528,0.49999999999999994,-0.8660254037844387,1
Port Of Spain,Trinidad and Tobago,10.65,-61.5167,24.562295081967214,89.66229508196722,11.401639344262295,0.018032786885245903,1.1934426229508197,1012.0245901639345,10.65,610,1.8566666666666656,-0.8660254037844386,0.5000000000000001,0
Port Royal,Jamaica,17.93,-76.85,28.658823529411762,77.56862745098039,10.012745098039215,5.901960784313726,1.1666666666666667,1012.6078431372549,17.93,102,1.9080645161290306,1.2246467991473532e-16,-1.0,1
Port Royal,Jamaica,17.9333,-76.85,26.298427672955974,79.36477987421384,6.2650943396226415,0.0220125786163522,1.3113207547169812,1013.066037735849,17.9333,318,2.643333333333331,-0.8660254037844385,-0.5000000000000004,1
Port Vila,Vanuatu,-17.7333,168.3167,25.87312703583062,85.37785016286645,17.02931596091205,0.07687296416938111,1.1042345276872965,1010.6058631921824,17.7333,614,5.089631336405528,0.8660254037844386,0.5000000000000001,0
Port Vila,Vanuatu,-17.73,168.32,22.423188405797102,87.7463768115942,12.823913043478262,1.0,1.173913043478261,1015.4492753623189,17.73,138,1.6427419354838726,0.49999999999999994,-0.8660254037844387,1
Port-Au-Prince,Haiti,18.5392,-72.335,19.814754098360655,89.1704918032787,5.772622950819672,0.014754098360655738,2.3475409836065575,1014.7032786885246,18.5392,610,3.598452380952377,-1.0,-1.8369701987210297e-16,0
Port-Au-Prince,Haiti,18.54,-72.34,27.946762589928056,75.0,12.299280575539568,6.388489208633094,1.2661870503597121,1014.2589928057554,18.54,139,6.936666666666667,1.2246467991473532e-16,-1.0,1
Porto-Novo,Benin,6.48,2.62,28.886231884057974,73.94927536231884,19.67608695652174,6.282608695652174,1.1231884057971016,1013.0072463768116,6.48,138,2.750420168067226,0.49999999999999994,-0.8660254037844387,1
Porto-Novo,Benin,6.4833,2.6167,28.08026101141925,81.93311582381729,9.444861337683523,2.3854812398042413,2.0864600326264275,1011.9135399673736,6.4833,613,4.2751983077736675,1.0,6.123233995736766e-17,0
Prague,Czech Republic,50.08,14.47,22.524264705882356,56.13970588235294,13.213235294117647,5.727941176470588,1.088235294117647,1014.2794117647059,50.08,136,14.345161290322581,-0.8660254037844385,-0.5000000000000004,2
Prague,Czech Republic,50.0833,14.4667,8.353583061889251,75.6742671009772,11.514495114006515,1.298045602605863,1.6286644951140066,1017.4918566775244,50.0833,614,20.81893178212586,-0.4999999999999997,-0.8660254037844388,4
Praia,Cape Verde,14.93,-23.51,27.72158273381295,66.55395683453237,22.074820143884892,6.366906474820144,1.1942446043165467,1013.68345323741,14.93,139,1.159399332591768,-0.8660254037844385,-0.5000000000000004,1
Praia,Cape Verde,14.9315,-23.5125,22.99461663947798,72.72593800978792,19.95742251223491,0.635889070146819,1.934747145187602,1013.8646003262643,14.9315,613,5.517540983606555,-0.8660254037844386,0.5000000000000001,0
Pretoria,South Africa,-25.75,28.19,21.86906474820144,23.712230215827336,13.916546762589928,6.81294964028777,2.0071942446043165,1022.9424460431654,25.75,139,7.783333333333335,-1.0,-1.8369701987210297e-16,0
Pretoria,South Africa,-25.7469,28.188,20.06606851549755,58.541598694942905,10.94257748776509,5.834747145187602,2.1402936378466557,1023.373572593801,25.7469,613,10.90806451612903,-2.4492935982947064e-16,1.0,0
Pristina,Kosovo,42.67,21.17,29.3,42.0,9.4,6.0,1.0,1012.0,42.67,1,0.0,1.2246467991473532e-16,-1.0,5
Pristina,Kosovo,42.6727,21.1669,14.2,94.0,3.6,1.6,1.0,1012.0,42.6727,1,0.0,1.2246467991473532e-16,-1.0,1
Pyongyang,North Korea,39.0194,125.7547,12.555882352941175,53.16503267973856,13.612254901960785,1.0207516339869283,2.2320261437908497,1016.4019607843137,39.0194,612,33.15166578529878,-0.4999999999999997,-0.8660254037844388,4
Pyongyang,North Korea,39.02,125.75,21.890579710144927,78.97101449275362,7.855072463768116,1.2536231884057971,2.101449275362319,1008.7608695652174,39.02,138,11.454838709677418,-0.8660254037844385,-0.5000000000000004,2
Quito,Ecuador,-0.22,-78.5,11.476258992805755,69.05035971223022,6.411510791366907,4.237410071942446,1.6330935251798562,1018.3309352517986,0.22,139,5.655218216318785,0.49999999999999994,-0.8660254037844387,1
Quito,Ecuador,-0.2167,-78.5,10.259375,87.18585526315789,4.345559210526315,0.014802631578947368,1.0921052631578947,1016.6513157894736,0.2167,608,1.679731182795697,1.0,6.123233995736766e-17,0
Rabat,Morocco,34.0253,-6.8361,17.006199021207177,83.78140293637847,12.311908646003262,1.0546492659053834,1.4225122349102772,1016.9657422512234,34.0253,613,10.378917050691246,-0.4999999999999997,-0.8660254037844388,2
Rabat,Morocco,34.03,-6.84,24.674452554744526,66.16058394160584,15.037226277372262,6.218978102189781,1.2116788321167884,1014.1167883211679,34.03,137,4.5625,-0.8660254037844385,-0.5000000000000004,1
Rangoon,Myanmar,16.78,96.17,27.299999999999997,91.52380952380952,6.866666666666666,1.0,1.0,1006.5714285714286,16.78,21,2.835000000000001,0.49999999999999994,-0.8660254037844387,1
Rangoon,Myanmar,16.7833,96.1667,31.933566433566433,64.2062937062937,9.613286713286714,6.75,2.076923076923077,1009.3146853146853,16.7833,286,6.079696969696972,0.8660254037844387,-0.4999999999999998,3
Reykjavik,Iceland,64.15,-21.95,3.7389473684210524,75.2280701754386,20.248070175438595,0.03192982456140351,1.0,1002.9894736842106,64.15,285,13.757142857142856,-0.8660254037844385,-0.5000000000000004,2
Riga,Latvia,56.95,24.1,9.705066666666667,74.836,14.109466666666668,1.946,1.3186666666666667,1014.484,56.95,750,28.007266009852216,-0.4999999999999997,-0.8660254037844388,4
Riga,Letonia,56.95,24.1,20.6,94.0,13.3,5.0,1.0,1007.0,56.95,1,0.0,-0.4999999999999997,-0.8660254037844388,2
Riyadh,Saudi Arabia,24.64,46.77,42.17826086956522,7.434782608695652,17.944202898550724,9.818840579710145,2.1666666666666665,1003.8260869565217,24.64,138,5.506666666666661,1.2246467991473532e-16,-1.0,5
Riyadh,Saudi Arabia,24.6408,46.7728,27.99200652528548,21.561174551386625,15.126916802610113,6.637357259380098,4.34257748776509,1015.8352365415986,24.6408,613,25.66768905341089,-0.4999999999999997,-0.8660254037844388,3
Rome,Italy,41.9,12.48,29.937681159420286,42.891304347826086,14.667391304347825,7.420289855072464,1.0869565217391304,1012.572463768116,41.9,138,14.669354838709676,-0.8660254037844385,-0.5000000000000004,2
Rome,Italy,41.9,12.4833,15.752605863192183,73.67752442996742,9.186644951140066,1.7868078175895763,1.5863192182410424,1015.9348534201954,41.9,614,19.89516129032258,-0.4999999999999997,-0.8660254037844388,4
Roseau,Dominica,15.3,-61.4,26.52058823529412,77.71390374331551,17.291176470588233,1.0846256684491977,1.2245989304812834,1013.8569518716578,15.299999999999999,748,3.1350724637681147,1.2246467991473532e-16,-1.0,1
S-Chanf,Switzerland,46.6167,9.9833,0.534,87.0,8.334,0.884,1.02,1020.26,46.6167,50,20.560000000000002,-0.8660254037844385,-0.5000000000000004,4
S. Manian,Vietnam,11.2667,108.2333,28.935714285714283,57.404761904761905,22.15,8.726190476190476,1.5714285714285714,1010.1190476190476,11.2667,42,6.12142857142857,0.8660254037844387,-0.4999999999999998,1
Saint George's,Grenada,12.05,-61.75,27.06662198391421,82.51340482573727,20.630563002680965,1.110857908847185,1.2815013404825737,1012.5254691689008,12.05,746,2.6315053763440837,-0.8660254037844385,-0.5000000000000004,1
Saint John's,Antigua and Barbuda,17.1167,-61.85,25.7430441898527,79.1178396072013,26.276104746317515,0.017348608837970538,1.2144026186579377,1014.3518821603928,17.1167,611,3.188652073732719,-0.8660254037844385,-0.5000000000000004,1
Saint John's,Antigua and Barbuda,17.12,-61.85,28.791240875912408,76.44525547445255,18.037226277372262,5.693430656934306,1.051094890510949,1014.8978102189781,17.12,137,4.777586206896551,1.2246467991473532e-16,-1.0,1
Saint Petersburg,Russia,59.89,30.26,22.9,44.0,19.1,6.0,1.0,1017.0,59.89,1,0.0,1.2246467991473532e-16,-1.0,2
San Andres,Costa Rica,9.7333,-84.0833,17.5,97.0,3.96,0.0,1.0,1014.0,9.7333,5,0.0,1.2246467991473532e-16,-1.0,1
San Ignacio,Costa Rica,9.8,-84.17,20.098347107438016,87.6198347107438,7.55702479338843,3.8512396694214877,1.421487603305785,1016.1652892561983,9.8,121,4.551612903225806,0.49999999999999994,-0.8660254037844387,1
San Ignacio,Costa Rica,9.8,-84.1667,19.096540880503145,83.95597484276729,6.823899371069182,0.0220125786163522,1.1037735849056605,1014.6446540880503,9.8,318,8.04516129032258,-0.4999999999999997,-0.8660254037844388,1
San Jose,Costa Rica,9.9333,-84.0833,18.95105633802817,84.9225352112676,7.023591549295775,0.007042253521126761,1.0774647887323943,1015.5,9.9333,284,7.022424242424242,-0.8660254037844385,-0.5000000000000004,1
San Juan,Costa Rica,9.97,-84.08,23.75,74.75,10.893749999999999,5.25,1.6875,1018.1875,9.97,16,0.0,0.49999999999999994,-0.8660254037844387,1
San Marino,San Marino,43.93,12.45,26.202962962962964,60.82222222222222,15.008148148148148,6.311111111111111,1.2296296296296296,1012.4074074074074,43.93,135,9.575,-0.4999999999999997,-0.8660254037844388,2
San Marino,San Marino,43.9333,12.45,14.538009787928221,72.83034257748777,11.239967373572595,1.6159869494290375,1.466557911908646,1016.4176182707994,43.9333,613,19.050555261766263,-0.4999999999999997,-0.8660254037844388,4
San Salvador,El Salvador,13.7086,-89.2031,23.589144736842105,85.13651315789474,4.7661184210526315,0.014802631578947368,1.699013157894737,1011.7006578947369,13.708600000000002,608,3.0252688172042994,-1.0,-1.8369701987210297e-16,0
San Salvador,El Salvador,13.71,-89.2,23.445985401459854,94.83211678832117,4.957664233576643,4.751824817518248,1.5693430656934306,1012.3357664233577,13.71,137,5.577609108159397,0.49999999999999994,-0.8660254037844387,1
Sanaa,Jemen,15.35,44.21,26.1,34.0,14.8,6.0,2.0,1007.0,15.35,1,0.0,-0.4999999999999997,-0.8660254037844388,5
Sanaa,Yemen,15.35,44.21,25.255797101449275,28.231884057971016,17.207971014492752,5.971014492753623,1.9275362318840579,1009.463768115942,15.349999999999998,138,3.133440860215053,1.2246467991473532e-16,-1.0,5
Sanaa,Yemen,15.3547,44.2067,21.35333333333333,24.271544715447156,10.978536585365854,9.08650406504065,1.7739837398373983,1015.2032520325204,15.3547,615,9.058279569892477,-0.4999999999999997,-0.8660254037844388,2
Santiago,Chile,-33.45,-70.67,6.438848920863309,80.62589928057554,5.896402877697842,3.597122302158273,5.309352517985611,1018.9856115107914,33.45,139,3.9189655172413778,-0.8660254037844386,0.5000000000000001,0
Santiago,Chile,-33.45,-70.6667,12.175901639344263,73.98852459016393,3.9714754098360654,0.02163934426229508,3.059016393442623,1015.6852459016393,33.45,610,11.606451612903227,-2.4492935982947064e-16,1.0,0
Santo Domingo,Dominican Republic,18.4667,-69.9,23.227168576104745,95.50409165302783,9.228968903436988,0.014729950900163666,1.3453355155482816,1014.8166939443536,18.4667,611,3.5522619047619024,-1.0,-1.8369701987210297e-16,0
Santo Domingo,Dominican Republic,18.47,-69.9,26.909420289855074,88.91304347826087,9.269565217391305,5.811594202898551,1.2246376811594204,1014.7753623188406,18.47,138,4.736666666666665,1.2246467991473532e-16,-1.0,1
Sao Paulo,Brazil,-23.5333,-46.6167,15.0,86.0,9.7,0.0,2.0,1026.0,23.5333,1,0.0,1.2246467991473532e-16,-1.0,1
Sao Paulo,Brazil,-23.53,-46.62,17.9,90.0,11.5,5.0,1.0,1022.0,23.53,1,0.0,1.2246467991473532e-16,-1.0,1
Sarajevo,Bosnia and Herzegovina,43.85,18.38,26.22589928057554,47.36690647482014,9.162589928057553,6.0359712230215825,1.1007194244604317,1014.1942446043165,43.85,139,17.225806451612904,-0.8660254037844385,-0.5000000000000004,2
Sarajevo,Bosnia and Herzegovina,43.85,18.3833,9.720391517128874,77.35236541598695,6.257748776508972,1.89836867862969,2.063621533442088,1018.1990212071778,43.85,613,21.4888418826018,-0.4999999999999997,-0.8660254037844388,4
Sartorio,Paraguay,-21.9833,-58.4333,22.983333333333334,74.41666666666667,6.983333333333333,0.0,1.0,1009.0,21.9833,12,7.375,1.0,6.123233995736766e-17,0
Seoul,South Korea,37.5664,126.9997,14.922512234910277,55.840130505709624,12.067862969004894,1.0230016313213703,2.6916802610114194,1016.3409461663948,37.5664,613,31.491591750396616,-0.4999999999999997,-0.8660254037844388,4
Seoul,South Korea,37.57,127.0,24.105797101449276,80.05797101449275,7.742028985507247,1.2753623188405796,2.2753623188405796,1009.0797101449275,37.57,138,11.477988614800758,-0.8660254037844385,-0.5000000000000004,2
Seoul,Südkorea,37.57,127.0,26.1,84.0,4.0,1.0,4.0,1007.0,37.57,1,0.0,-0.4999999999999997,-0.8660254037844388,3
Singapore,Singapore,1.29,103.86,28.87769784172662,74.68345323741008,10.861151079136691,1.6762589928057554,1.618705035971223,1009.0215827338129,1.29,139,1.855882352941176,-0.8660254037844386,0.5000000000000001,0
Singapore,Singapore,1.2931,103.8558,30.19771615008157,67.69494290375204,14.269331158238174,4.8714518760195755,1.7063621533442088,1008.3980424143556,1.2931,613,2.325806451612902,-0.4999999999999997,-0.8660254037844388,3
Skopje,Macedonia,42.0,21.43,31.28102189781022,36.63503649635037,9.805109489051095,7.2773722627737225,1.1751824817518248,1012.2919708029198,42.0,137,17.720967741935482,-0.8660254037844385,-0.5000000000000004,2
Skopje,Macedonia,42.0,21.4333,13.167816091954023,66.7487684729064,5.770443349753695,2.264039408866995,1.9540229885057472,1018.4991789819376,42.0,609,27.40618720253834,-0.4999999999999997,-0.8660254037844388,4
Sofia,Bulgaria,42.68,23.32,27.078832116788323,40.386861313868614,12.875912408759124,6.452554744525547,1.1313868613138687,1014.2408759124088,42.68,137,17.82857142857143,-0.4999999999999997,-0.8660254037844388,2
Sofia,Bulgaria,42.6833,23.3167,10.625244299674266,68.46742671009773,7.077524429967427,2.288110749185668,1.8485342019543973,1018.3110749185668,42.6833,614,24.90501152073733,-0.4999999999999997,-0.8660254037844388,4
Stockholm,Sweden,59.33,18.05,20.267391304347825,54.630434782608695,15.944202898550726,5.086956521739131,1.036231884057971,1012.695652173913,59.33,138,11.03235294117647,0.49999999999999994,-0.8660254037844387,2
Stockholm,Sweden,59.3333,18.05,7.337030995106036,77.97389885807505,13.886460032626427,0.9911908646003263,1.0880913539967374,1013.0065252854812,59.333299999999994,613,24.62188940092166,-0.4999999999999997,-0.8660254037844388,4
Sucre,Bolivia,-19.0431,-65.2592,11.801313628899836,78.82101806239737,5.827914614121511,0.02528735632183908,1.0509031198686372,1014.4203612479474,19.0431,609,4.640787315472936,-0.5000000000000004,0.8660254037844384,0
Sucre,Bolivia,-19.04,-65.26,12.074452554744527,54.56934306569343,5.870802919708029,4.357664233576642,1.2408759124087592,1017.4744525547445,19.04,137,5.243333333333334,1.2246467991473532e-16,-1.0,1
Surabaya,Indonesia,-7.25,112.75,27.7,74.0,12.6,1.0,1.0,1009.0,7.25,1,0.0,1.2246467991473532e-16,-1.0,1
Surabaya,Indonesia,-7.2492,112.7508,32.2,63.0,12.6,7.1,2.0,1010.0,7.2492,1,0.0,1.2246467991473532e-16,-1.0,3
Suva,Fiji Islands,-18.1333,178.4167,25.39641693811075,89.22964169381108,12.01986970684039,0.04185667752442997,1.006514657980456,1011.1742671009772,18.1333,614,4.034731182795699,0.8660254037844387,-0.4999999999999998,1
Suva,Fiji Islands,-18.13,178.42,22.600719424460433,90.02158273381295,10.734532374100718,1.0,1.064748201438849,1015.158273381295,18.13,139,2.5741935483871003,-0.8660254037844386,0.5000000000000001,0
Tallinn,Estonia,59.43,24.73,19.963768115942027,60.65217391304348,16.77753623188406,4.6521739130434785,1.0797101449275361,1013.9927536231884,59.43,138,11.779411764705884,0.49999999999999994,-0.8660254037844387,2
Tallinn,Estonia,59.4339,24.7281,6.521241830065359,77.61601307189542,18.09297385620915,1.0908496732026145,1.1143790849673203,1012.8888888888889,59.43390000000001,612,27.05028801843318,-0.4999999999999997,-0.8660254037844388,4
Tallinn,Estonie,59.43,24.73,23.3,61.0,16.9,6.0,2.0,1012.0,59.43,1,0.0,-0.4999999999999997,-0.8660254037844388,5
Tarawa,Kiribati,-0.8833,169.5333,27.905383360522023,75.37520391517128,20.289885807504078,0.10081566068515498,1.2169657422512234,1009.5350734094617,0.8833,613,1.0388172043010755,0.49999999999999994,-0.8660254037844387,1
Tarawa,Kiribati,-0.88,169.53,28.656934306569344,72.24087591240875,18.28175182481752,1.0,1.094890510948905,1009.2700729927008,0.88,137,0.8374999999999986,0.49999999999999994,-0.8660254037844387,1
Tashkent,Uzbekistan,41.3167,69.25,19.79511400651466,38.71824104234528,8.294462540716612,3.990390879478827,1.9674267100977199,1017.2068403908795,41.3167,614,30.906451612903226,-0.4999999999999997,-0.8660254037844388,4
Tashkent,Uzbekistan,41.32,69.25,32.11798561151079,21.453237410071942,14.748920863309351,7.827338129496403,1.2374100719424461,1008.6115107913669,41.32,139,12.169776876267747,-0.4999999999999997,-0.8660254037844388,5
Tbilisi,Georgia,41.725,44.7908,14.677124183006535,58.712418300653596,10.07483660130719,3.3589869281045748,1.4248366013071896,1017.8921568627451,41.725,612,23.750555261766266,-0.8660254037844385,-0.5000000000000004,4
Tbilisi,Georgia,41.73,44.79,27.672262773722625,44.35036496350365,14.040875912408758,6.708029197080292,1.2846715328467153,1012.3795620437957,41.73,137,12.258064516129032,-0.8660254037844385,-0.5000000000000004,2
Tegucigalpa,Honduras,14.1,-87.22,20.694927536231884,89.2463768115942,5.578260869565217,4.195652173913044,1.108695652173913,1017.5072463768116,14.1,138,5.420493358633777,0.49999999999999994,-0.8660254037844387,1
Tegucigalpa,Honduras,14.1,-87.2167,19.04006568144499,85.72249589490968,6.311658456486043,0.014778325123152709,1.2660098522167487,1021.9638752052546,14.1,609,4.564212281189217,0.49999999999999994,-0.8660254037844387,1
Tehran,Iran,35.7261,51.3304,19.214379084967323,27.955882352941178,10.556045751633988,5.546895424836601,3.1584967320261437,1020.6388888888889,35.7261,612,26.958487572712848,-0.4999999999999997,-0.8660254037844388,3
Tehran,Iran,35.73,51.33,33.04028776978418,17.179856115107913,13.753956834532374,7.697841726618705,1.8848920863309353,1010.158273381295,35.73,139,9.682758620689647,-0.4999999999999997,-0.8660254037844388,5
Thimphu,Bhutan,27.48,89.6,14.138405797101449,91.15942028985508,4.552173913043479,2.608695652173913,1.0507246376811594,1008.7608695652174,27.48,138,4.344117647058823,-0.8660254037844386,0.5000000000000001,0
Thimphu,Bhutan,27.4833,89.6,13.318137254901961,54.02777777777778,8.893954248366013,5.1003267973856214,1.2156862745098038,1010.5261437908497,27.483300000000003,612,11.592727272727274,-0.4999999999999997,-0.8660254037844388,2
Tirana,Albania,41.3275,19.8189,16.508986928104576,61.12418300653595,6.931372549019608,2.1887254901960786,1.4624183006535947,1016.1486928104575,41.3275,612,21.83709677419355,-0.4999999999999997,-0.8660254037844388,4
Tirana,Albania,41.33,19.82,31.071223021582732,42.84172661870504,14.733093525179855,7.122302158273381,1.1654676258992807,1011.7985611510792,41.33,139,13.380645161290325,-0.8660254037844385,-0.5000000000000004,2
Tokyo,Japan,35.6895,139.6917,18.408957654723128,56.09120521172638,17.851954397394138,0.5141693811074919,2.55700325732899,1012.8045602605863,35.6895,614,23.43120042305658,-0.8660254037844385,-0.5000000000000004,2
Tokyo,Japan,35.69,139.69,25.876258992805756,77.89928057553956,16.941007194244605,1.0359712230215827,1.7985611510791366,1009.6906474820144,35.69,139,8.357115749525615,-0.8660254037844385,-0.5000000000000004,2
Tripoli,Libya,32.89,13.18,27.0,74.0,31.7,7.0,2.0,1007.0,32.89,1,0.0,1.2246467991473532e-16,-1.0,5
Tripoli,Libya,32.8925,13.18,25.7,55.0,10.1,1.0,1.0,1013.0,32.8925,1,0.0,1.2246467991473532e-16,-1.0,1
Tunis,Tunisia,36.8,10.18,31.67391304347826,41.35507246376812,17.920289855072465,7.608695652173913,1.3695652173913044,1013.3550724637681,36.8,138,8.032258064516128,-0.8660254037844385,-0.5000000000000004,2
Tunis,Tunisia,36.8028,10.1797,19.222875816993465,72.18627450980392,13.298039215686273,1.9557189542483662,1.542483660130719,1016.8986928104575,36.8028,612,17.58682795698925,-0.4999999999999997,-0.8660254037844388,4
Ulaanbaatar,Mongolia,47.9167,106.9167,1.5845024469820557,48.491027732463294,8.991190864600327,1.7980424143556282,1.7373572593800979,1016.2642740619902,47.9167,613,44.052131147540976,-0.4999999999999997,-0.8660254037844388,4
Ulaanbaatar,Mongolia,47.92,106.92,15.75072463768116,59.65217391304348,10.094202898550725,1.8623188405797102,1.0942028985507246,1011.6014492753624,47.92,138,9.075,-0.4999999999999997,-0.8660254037844388,2
Vaduz,Liechtenstein,47.13,9.52,20.131159420289855,64.6231884057971,8.089130434782609,4.557971014492754,1.0,1014.9710144927536,47.13,138,8.251612903225809,-0.8660254037844385,-0.5000000000000004,2
Vaduz,Liechtenstein,47.1333,9.5167,7.670962479608483,85.06035889070147,7.088091353996737,1.3207177814029365,1.0831973898858076,1018.3181076672105,47.1333,613,18.561290322580646,-0.4999999999999997,-0.8660254037844388,4
Valletta,Malta,35.8997,14.5147,19.984039087947885,71.75732899022802,20.563029315960915,2.3180781758957654,1.249185667752443,1016.71335504886,35.8997,614,16.190322580645162,-0.4999999999999997,-0.8660254037844388,2
Valletta,Malta,35.9,14.51,29.146043165467628,55.985611510791365,16.59640287769784,6.568345323741007,1.8992805755395683,1013.7194244604317,35.9,139,5.388709677419357,-0.8660254037844385,-0.5000000000000004,2
Vatican City,Vatican City,41.9,12.45,29.92086330935252,42.71223021582734,14.826618705035973,7.424460431654676,1.0863309352517985,1012.5467625899281,41.9,139,14.669354838709676,-0.8660254037844385,-0.5000000000000004,2
Vatican City,Vatican City,41.904,12.453,15.718403908794789,73.79478827361564,9.29885993485342,1.752931596091205,1.5912052117263844,1015.9283387622149,41.904,614,19.91290322580645,-0.4999999999999997,-0.8660254037844388,4
Vestmannaeyjar,Iceland,63.365,-20.2075,5.542857142857143,81.77639751552795,26.30652173913044,0.38105590062111805,1.0062111801242235,1005.0186335403727,63.364999999999995,322,9.803225806451614,-0.4999999999999997,-0.8660254037844388,2
Vestmannaeyjar,Iceland,63.37,-20.21,9.2,86.62745098039215,25.772549019607844,2.735294117647059,1.0,1003.6372549019608,63.37,102,4.227586206896552,-0.4999999999999997,-0.8660254037844388,2
Victoria,Seychelles Islands,-4.62,55.45,27.877536231884058,78.71739130434783,19.66594202898551,7.311594202898551,1.1956521739130435,1010.0217391304348,4.62,138,2.725806451612904,-0.8660254037844386,0.5000000000000001,0
Victoria,Seychelles Islands,-4.6167,55.45,29.125859247135846,73.75613747954174,18.135024549918167,10.41063829787234,1.126022913256956,1011.3371522094926,4.6167,611,2.8740860215053736,0.8660254037844387,-0.4999999999999998,1
Vienna,Austria,48.2,16.3667,9.984013050570962,71.66557911908646,11.936867862969006,1.4109298531810766,1.6345840130505709,1018.1729200652528,48.2,613,21.82411422527763,-0.4999999999999997,-0.8660254037844388,4
Vienna,Austria,48.2,16.37,24.906521739130433,51.30434782608695,16.3,6.268115942028985,1.0869565217391304,1013.9565217391304,48.2,138,16.835483870967742,-0.8660254037844385,-0.5000000000000004,2
Vientiane,Lao People's Democratic Republic,17.9667,102.6,32.1,75.0,3.6,8.4,1.0,1005.0,17.9667,1,0.0,1.2246467991473532e-16,-1.0,1
Vientiane,Lao People's Democratic Republic,17.97,102.6,25.0,95.0,9.0,1.0,2.0,1004.0,17.97,1,0.0,1.2246467991473532e-16,-1.0,3
Vilnius,Lithuania,54.68,25.32,22.292028985507248,55.11594202898551,14.629710144927538,5.492753623188406,1.0434782608695652,1015.3478260869565,54.68,138,15.609677419354838,-0.8660254037844385,-0.5000000000000004,2
Vilnius,Lithuania,54.6833,25.3167,6.515008156606851,78.04567699836868,14.452039151712889,1.3251223491027733,1.2854812398042414,1015.373572593801,54.6833,613,26.4338133640553,-0.4999999999999997,-0.8660254037844388,4
Warsaw,Poland,52.25,21.0,11.528818061088979,69.71181938911023,13.523505976095619,2.2860557768924306,1.795484727755644,1016.3027888446215,52.25,753,25.289166666666667,-0.4999999999999997,-0.8660254037844388,4
Washington Harbor,United States of America,48.0792,-123.0439,8.164026402640264,88.74257425742574,8.521122112211222,0.01485148514851485,1.0429042904290429,1017.2887788778878,48.0792,606,10.803225806451614,-0.8660254037844385,-0.5000000000000004,4
Washington Harbor,United States of America,48.08,-123.04,11.099166666666667,92.59166666666667,8.063333333333334,1.7333333333333334,1.0166666666666666,1017.05,48.08,120,2.161290322580646,-0.8660254037844385,-0.5000000000000004,4
Washington Park,United States of America,46.6,-120.49,10.41875,60.4375,16.06875,3.3125,1.0,1016.0,46.6,16,0.0,0.49999999999999994,-0.8660254037844387,2
Wellington,New Zealand,-41.3,174.78,10.775539568345323,80.84172661870504,22.883453237410073,1.0,1.014388489208633,1015.2014388489208,41.3,139,5.8293103448275865,-0.8660254037844386,0.5000000000000001,0
Wellington,New Zealand,-41.3,174.7833,14.77908496732026,77.80555555555556,24.981372549019607,0.06748366013071895,1.0245098039215685,1014.2434640522875,41.3,612,7.572638248847925,0.8660254037844386,0.5000000000000001,0
Windhoek,Namibia,-22.5717,17.0822,20.998045602605863,45.5586319218241,14.980944625407165,5.569218241042345,1.0667752442996743,1021.9071661237786,22.5717,614,13.861290322580649,-2.4492935982947064e-16,1.0,0
Windhoek,Namibia,-22.57,17.08,23.81449275362319,13.818840579710145,19.155072463768118,7.159420289855072,1.0869565217391304,1019.7246376811594,22.57,138,5.230645161290322,-0.8660254037844385,-0.5000000000000004,2
Yamoussoukro,Cote d'Ivoire,6.8167,-5.2833,23.007241379310347,92.32068965517242,4.7365517241379305,0.20172413793103447,1.0931034482758621,1012.3275862068965,6.8167,290,1.2408333333333346,0.8660254037844387,-0.4999999999999998,1
Yangon,Myanmar,16.78,96.17,27.5656862745098,89.72549019607843,8.687254901960785,2.235294117647059,1.1176470588235294,1005.4019607843137,16.78,102,1.7666666666666693,-1.0,-1.8369701987210297e-16,0
Yangon,Myanmar,16.7833,96.1667,31.458385093167703,67.4968944099379,13.213975155279503,1.7478260869565216,2.2577639751552794,1007.1770186335403,16.7833,322,6.980645161290326,1.0,6.123233995736766e-17,0
Yaounde,Cameroon,3.87,11.52,29.79375,61.25,6.18125,6.3125,1.0625,1014.0625,3.87,16,0.0,0.49999999999999994,-0.8660254037844387,1
Yaren,Turkey,39.55,27.6167,14.719281045751636,70.81045751633987,14.394281045751633,2.832679738562091,1.8447712418300655,1016.7205882352941,39.55,612,23.768202764976962,-0.4999999999999997,-0.8660254037844388,4
Yaren,Turkey,39.55,27.62,31.05109489051095,36.53284671532847,24.413868613138686,7.518248175182482,1.2773722627737227,1010.014598540146,39.55,137,13.6758064516129,-0.8660254037844385,-0.5000000000000004,2
Yaren,Турция,39.55,27.62,34.0,44.0,24.1,8.0,1.0,1006.0,39.55,1,0.0,-0.4999999999999997,-0.8660254037844388,5
Yerevan,Armenia,40.18,44.51,30.102877697841727,26.294964028776977,9.982014388489208,6.899280575539568,1.1726618705035972,1009.7410071942446,40.18,139,11.43225806451613,-0.8660254037844385,-0.5000000000000004,2
Yerevan,Armenia,40.1811,44.5136,13.667047308319738,49.39151712887439,6.4704730831973905,4.0376835236541595,1.3784665579119086,1017.5546492659054,40.1811,613,31.38476996298255,-0.4999999999999997,-0.8660254037844388,4
Zagreb,Croatia,45.8,16.0,14.002136181575434,70.22563417890521,7.311481975967958,2.5313751668891857,1.7222963951935915,1017.3644859813085,45.8,749,25.25423728813559,-0.4999999999999997,-0.8660254037844388,4
