location_name,cluster,air_quality_PM2.5,temperature_celsius,air_quality_us-epa-index,uv_index,math_danger_score,gnn_bias,final_danger_score,final_category
'S Gravenjansdijk,2,19.496240615844727,20.0,1.0,3.0,18.200000762939453,-25.800686,0.0,SAFE
'S Gravenjansdijk,2,19.496240615844727,20.0,1.0,3.0,18.200000762939453,-26.03154,0.0,SAFE
'S Gravenjansdyk,2,19.496240615844727,20.0,1.0,3.0,8.449999809265137,-26.07772,0.0,SAFE
'S Gravenstaffel,2,2.4583332538604736,20.0,1.0,3.0,8.789999961853027,-23.64096,0.0,SAFE
'S-Gravenbrakel,4,4.675000190734863,20.0,1.0,3.0,6.329999923706055,-26.378952,0.0,SAFE
-Kingdom,5,11.305853843688965,20.0,1.0,3.0,19.850000381469727,14.831625,34.68162536621094,LOW RISK
Aakip,1,3.0,20.0,1.0,3.0,33.63999938964844,-6.592413,27.04758644104004,LOW RISK
Aba,1,4.300000190734863,20.0,1.0,3.0,4.650000095367432,-22.367363,0.0,SAFE
Abaer,2,4.599999904632568,20.0,1.0,3.0,4.0,-20.643396,0.0,SAFE
Abazu,1,2.0,20.0,1.0,3.0,17.459999084472656,-8.908941,8.551057815551758,SAFE
Abu Dhabi,3,6.333333492279053,20.0,1.0,3.0,75.7300033569336,18.412697,94.1427001953125,EXTREME DANGER
Abu Dhabi,3,6.333333492279053,20.0,1.0,3.0,75.7300033569336,27.696028,100.0,EXTREME DANGER
Abuja,0,56.49156188964844,20.0,1.0,3.0,60.880001068115234,21.870365,82.7503662109375,EXTREME DANGER
Abuja,0,56.49156188964844,20.0,1.0,3.0,60.880001068115234,-8.500341,52.37965965270996,MODERATE RISK
Accra,1,56.49156188964844,20.0,1.0,3.0,18.790000915527344,-10.711892,8.078108787536621,SAFE
Accra,1,56.49156188964844,20.0,1.0,3.0,18.790000915527344,-3.86334,14.926661014556885,SAFE
Achelap,1,49.70354461669922,20.0,1.0,3.0,22.1299991607666,-11.796558,10.333440780639648,SAFE
Addis Ababa,1,49.70354461669922,20.0,1.0,3.0,26.700000762939453,-21.256908,5.443092346191406,SAFE
Addis Ababa,1,49.70354461669922,20.0,1.0,3.0,26.700000762939453,-17.475203,9.224798202514648,SAFE
Addis Abeba,1,16.93157958984375,20.0,1.0,3.0,10.300000190734863,-15.054672,0.0,SAFE
Addis Abeba,1,16.93157958984375,20.0,1.0,3.0,10.300000190734863,-25.348911,0.0,SAFE
Adkip,1,16.93157958984375,20.0,1.0,3.0,10.640000343322754,-13.721388,0.0,SAFE
Aguaray,0,1.7999999523162842,20.0,1.0,3.0,6.039999961853027,-4.6233892,1.4166107177734375,SAFE
Airai,1,26.324913024902344,20.0,1.0,3.0,21.520000457763672,-4.628107,16.89189338684082,SAFE
Airai,1,26.324913024902344,20.0,1.0,3.0,21.520000457763672,-7.8133554,13.706645011901855,SAFE
Algiers,2,26.324913024902344,20.0,1.0,3.0,18.079999923706055,-4.6339192,13.446080684661865,SAFE
Algiers,2,26.324913024902344,20.0,1.0,3.0,18.079999923706055,-26.752346,0.0,SAFE
Amman,5,10.199999809265137,20.0,1.0,3.0,22.6200008392334,6.480937,29.100937843322754,LOW RISK
Amman,5,10.199999809265137,20.0,1.0,3.0,22.6200008392334,-22.085724,0.5342769622802734,SAFE
Amsterdam,2,10.199999809265137,20.0,1.0,3.0,5.0,-25.782131,0.0,SAFE
Amsterdam,2,10.199999809265137,20.0,1.0,3.0,5.0,-26.326664,0.0,SAFE
Andorra La Vella,4,0.5199999809265137,20.0,1.0,3.0,4.679999828338623,-27.096172,0.0,SAFE
Andorra La Vella,4,0.5199999809265137,20.0,1.0,3.0,4.679999828338623,-25.951157,0.0,SAFE
Ankara,4,10.142522811889648,20.0,1.0,3.0,21.770000457763672,-24.353516,0.0,SAFE
Ankara,4,10.142522811889648,20.0,1.0,3.0,21.770000457763672,-7.8079014,13.962099075317383,SAFE
Antananarivo,0,7.1158599853515625,20.0,1.0,3.0,14.710000038146973,-17.053535,0.0,SAFE
Antananarivo,0,7.1158599853515625,20.0,1.0,3.0,14.710000038146973,-13.017038,1.6929616928100586,SAFE
Apia,1,7.1158599853515625,20.0,1.0,3.0,4.909999847412109,-6.0949,0.0,SAFE
Apia,1,7.1158599853515625,20.0,1.0,3.0,4.909999847412109,-17.092142,0.0,SAFE
Ar Riyadh,5,18.44260025024414,20.0,1.0,3.0,63.93000030517578,22.287384,86.2173843383789,EXTREME DANGER
Ashgabat,5,18.44260025024414,20.0,1.0,3.0,22.280000686645508,7.569044,29.849044799804688,LOW RISK
Ashgabat,5,18.44260025024414,20.0,1.0,3.0,22.280000686645508,-21.949738,0.3302631378173828,SAFE
Asmara,5,22.066905975341797,20.0,1.0,3.0,25.149999618530273,6.300618,31.450617790222168,LOW RISK
Asmara,5,22.066905975341797,20.0,1.0,3.0,25.149999618530273,1.394169,26.54416859149933,LOW RISK
Astana,2,22.066905975341797,20.0,1.0,3.0,9.420000076293945,-21.166473,0.0,SAFE
Astana,2,22.066905975341797,20.0,1.0,3.0,9.420000076293945,-25.854534,0.0,SAFE
Asuncion,1,17.015758514404297,20.0,1.0,3.0,4.559999942779541,-25.652294,0.0,SAFE
Asuncion,1,17.015758514404297,20.0,1.0,3.0,4.559999942779541,-25.68209,0.0,SAFE
Athens,2,17.015758514404297,20.0,1.0,3.0,20.440000534057617,-24.218534,0.0,SAFE
Athens,2,17.015758514404297,20.0,1.0,3.0,20.440000534057617,4.5304766,24.97047710418701,LOW RISK
Aurora,0,4.712854862213135,20.0,1.0,3.0,5.0,-7.7889314,0.0,SAFE
Aurora,0,4.712854862213135,20.0,1.0,3.0,5.0,-8.269781,0.0,SAFE
Bafoussam,1,4.712854862213135,20.0,1.0,3.0,8.890000343322754,-15.6434,0.0,SAFE
Baghdad,2,25.729480743408203,20.0,1.0,3.0,28.09000015258789,0.7473889,28.837389051914215,LOW RISK
Baghdad,2,25.729480743408203,20.0,1.0,3.0,28.09000015258789,19.049543,47.139543533325195,MODERATE RISK
Baku,4,25.729480743408203,20.0,1.0,3.0,9.220000267028809,-25.177553,0.0,SAFE
Baku,4,25.729480743408203,20.0,1.0,3.0,9.220000267028809,-3.2330704,5.986929893493652,SAFE
Bali,1,7.035039901733398,20.0,1.0,3.0,26.8799991607666,-0.8157363,26.064262866973877,LOW RISK
Bali,1,7.035039901733398,20.0,1.0,3.0,26.8799991607666,-5.498992,21.381007194519043,LOW RISK
Bamako,5,7.035039901733398,20.0,1.0,3.0,21.020000457763672,21.478262,42.49826240539551,MODERATE RISK
Ban Lom,1,5.578393936157227,20.0,1.0,3.0,18.670000076293945,-8.260965,10.409034729003906,SAFE
Ban Lom,1,5.578393936157227,20.0,1.0,3.0,18.670000076293945,26.957232,45.62723159790039,MODERATE RISK
Bandar Seri Begawan,0,5.578393936157227,20.0,1.0,3.0,28.950000762939453,-6.4629803,22.48702049255371,LOW RISK
Bandar Seri Begawan,0,5.578393936157227,20.0,1.0,3.0,28.950000762939453,10.347544,39.29754447937012,LOW RISK
Bangkok,3,22.299999237060547,20.0,1.0,3.0,52.790000915527344,28.950352,81.74035263061523,EXTREME DANGER
Bangkok,3,22.299999237060547,20.0,1.0,3.0,52.790000915527344,4.913253,57.703253746032715,MODERATE RISK
Bangui,0,19.479015350341797,20.0,1.0,3.0,32.61000061035156,0.515399,33.125399589538574,LOW RISK
Bangui,0,19.479015350341797,20.0,1.0,3.0,32.61000061035156,0.7976028,33.40760338306427,LOW RISK
Banjul,1,19.479015350341797,20.0,1.0,3.0,18.6200008392334,-0.7843157,17.83568513393402,SAFE
Banjul,1,19.479015350341797,20.0,1.0,3.0,18.6200008392334,-1.6224178,16.997583031654358,SAFE
Basseterre,1,19.530902862548828,20.0,1.0,3.0,11.220000267028809,-15.573175,0.0,SAFE
Basseterre,1,19.530902862548828,20.0,1.0,3.0,11.220000267028809,-13.734492,0.0,SAFE
Beijing,3,19.530902862548828,20.0,1.0,3.0,55.790000915527344,0.15830964,55.94831055402756,MODERATE RISK
Beijing,3,19.530902862548828,20.0,1.0,3.0,55.790000915527344,24.170654,79.96065521240234,HIGH RISK
Beijing Shi,3,11.832304000854492,20.0,1.0,3.0,36.41999816894531,28.645187,65.065185546875,HIGH RISK
Beirut,5,11.832304000854492,20.0,1.0,3.0,22.84000015258789,16.5506,39.39060020446777,LOW RISK
Beirut,5,11.832304000854492,20.0,1.0,3.0,22.84000015258789,-10.807243,12.032756805419922,SAFE
Beirut,5,11.832304000854492,20.0,1.0,3.0,22.84000015258789,-20.995758,1.8442420959472656,SAFE
Belgrade,2,4.25,20.0,1.0,3.0,20.31999969482422,-10.616661,9.703338623046875,SAFE
Belgrade,2,4.25,20.0,1.0,3.0,20.31999969482422,-25.660976,0.0,SAFE
Belmopan,1,4.25,20.0,1.0,3.0,5.269999980926514,-14.607962,0.0,SAFE
Belmopan,1,4.25,20.0,1.0,3.0,5.269999980926514,-21.47934,0.0,SAFE
Berlin,4,17.8801212310791,20.0,1.0,3.0,5.03000020980835,-26.437878,0.0,SAFE
Berlin,4,17.8801212310791,20.0,1.0,3.0,5.03000020980835,-21.5228,0.0,SAFE
Bern,2,17.8801212310791,20.0,1.0,3.0,5.0,-25.186893,0.0,SAFE
Bern,2,17.8801212310791,20.0,1.0,3.0,5.0,-26.858213,0.0,SAFE
Bern,2,17.8801212310791,20.0,1.0,3.0,5.0,-26.577953,0.0,SAFE
Bishkek,2,14.245716094970703,20.0,1.0,3.0,21.100000381469727,-13.10729,7.992710113525391,SAFE
Bishkek,2,14.245716094970703,20.0,1.0,3.0,21.100000381469727,-23.736206,0.0,SAFE
Bissau,3,14.245716094970703,20.0,1.0,3.0,18.93000030517578,24.021893,42.9518928527832,MODERATE RISK
Bissau,3,14.245716094970703,20.0,1.0,3.0,18.93000030517578,-5.3433084,13.586691856384277,SAFE
Bogot,4,1.7666666507720947,20.0,1.0,3.0,8.119999885559082,-25.629082,0.0,SAFE
Bogot,4,1.7666666507720947,20.0,1.0,3.0,8.119999885559082,-7.251402,0.8685979843139648,SAFE
Bogot,4,1.7666666507720947,20.0,1.0,3.0,8.119999885559082,-26.212357,0.0,SAFE
Bogota,1,36.416259765625,20.0,1.0,3.0,16.34000015258789,-25.706745,0.0,SAFE
Bogota,1,36.416259765625,20.0,1.0,3.0,16.34000015258789,-24.724316,0.0,SAFE
Bournemouth Gardens,1,36.416259765625,20.0,1.0,3.0,20.690000534057617,-17.490368,3.1996326446533203,SAFE
Bras,0,16.651491165161133,20.0,1.0,3.0,5.860000133514404,-7.725378,0.0,SAFE
Bras,0,16.651491165161133,20.0,1.0,3.0,5.860000133514404,-4.852293,1.007707118988037,SAFE
Bratislava,4,16.651491165161133,20.0,1.0,3.0,17.8700008392334,-26.352139,0.0,SAFE
Bratislava,4,16.651491165161133,20.0,1.0,3.0,17.8700008392334,-19.064934,0.0,SAFE
Brazzaville,1,5.300000190734863,20.0,1.0,3.0,26.059999465942383,22.241844,48.30184364318848,MODERATE RISK
Brazzaville,1,5.300000190734863,20.0,1.0,3.0,26.059999465942383,-3.945404,22.114595413208008,LOW RISK
Bridgetown,1,5.300000190734863,20.0,1.0,3.0,14.430000305175781,-12.555992,1.8740081787109375,SAFE
Bridgetown,1,5.300000190734863,20.0,1.0,3.0,14.430000305175781,-10.484438,3.9455623626708984,SAFE
Brussels,2,29.361637115478516,20.0,1.0,3.0,16.780000686645508,-26.297714,0.0,SAFE
Brussels,2,29.361637115478516,20.0,1.0,3.0,16.780000686645508,-26.316006,0.0,SAFE
Bucharest,2,32.80498123168945,20.0,1.0,3.0,20.889999389648438,-8.809947,12.080052375793457,SAFE
Bucharest,2,32.80498123168945,20.0,1.0,3.0,20.889999389648438,-25.029062,0.0,SAFE
Budapest,2,32.80498123168945,20.0,1.0,3.0,18.700000762939453,-17.053505,1.6464958190917969,SAFE
Budapest,2,32.80498123168945,20.0,1.0,3.0,18.700000762939453,-26.425549,0.0,SAFE
Buenos Aires,2,14.480173110961914,20.0,1.0,3.0,6.289999961853027,-26.654928,0.0,SAFE
Buenos Aires,2,14.480173110961914,20.0,1.0,3.0,6.289999961853027,-12.832586,0.0,SAFE
Bujumbura,2,14.480173110961914,20.0,1.0,3.0,24.90999984741211,-1.7359955,23.174004316329956,LOW RISK
Bujumbura,2,14.480173110961914,20.0,1.0,3.0,24.90999984741211,-1.8588653,23.05113458633423,LOW RISK
Cairo,2,33.12184524536133,20.0,1.0,3.0,24.049999237060547,3.526419,27.576418161392212,LOW RISK
Canberra,0,33.12184524536133,20.0,1.0,3.0,5.400000095367432,-11.896636,0.0,SAFE
Canberra,0,33.12184524536133,20.0,1.0,3.0,5.400000095367432,-20.048546,0.0,SAFE
Caracas,1,26.741365432739258,20.0,1.0,3.0,5.0,-11.570997,0.0,SAFE
Caracas,1,26.741365432739258,20.0,1.0,3.0,5.0,-10.729376,0.0,SAFE
Carreria,5,26.741365432739258,20.0,1.0,3.0,9.829999923706055,6.879156,16.709156036376953,SAFE
Carreria,5,26.741365432739258,20.0,1.0,3.0,9.829999923706055,-5.172924,4.657075881958008,SAFE
Castries,1,32.411643981933594,20.0,1.0,3.0,14.779999732971191,-16.000727,0.0,SAFE
Chi Chi Khvar,2,32.411643981933594,20.0,1.0,3.0,23.040000915527344,8.957844,31.997844696044922,LOW RISK
Chi Chi Khvar,2,32.411643981933594,20.0,1.0,3.0,23.040000915527344,-22.165787,0.8742141723632812,SAFE
Chi-Chi-Erh,4,8.93251895904541,20.0,1.0,3.0,26.3799991607666,-26.673761,0.0,SAFE
City Of San Marino,5,8.93251895904541,20.0,1.0,3.0,32.72999954223633,3.3172624,36.04726195335388,LOW RISK
Colombo,0,127.84330749511719,20.0,1.0,3.0,46.709999084472656,-4.3471537,42.3628454208374,MODERATE RISK
Colombo,0,127.84330749511719,20.0,1.0,3.0,46.709999084472656,28.95388,75.66387939453125,HIGH RISK
Conakry,0,127.84330749511719,20.0,1.0,3.0,17.84000015258789,0.7142358,18.55423593521118,SAFE
Conakry,0,127.84330749511719,20.0,1.0,3.0,17.84000015258789,-14.12419,3.7158098220825195,SAFE
Copenhagen,4,54.900001525878906,20.0,1.0,3.0,6.179999828338623,-26.111177,0.0,SAFE
Copenhagen,4,54.900001525878906,20.0,1.0,3.0,6.179999828338623,-25.67342,0.0,SAFE
Costa Rica,1,28.975645065307617,20.0,1.0,3.0,8.619999885559082,-20.972773,0.0,SAFE
Dakar,1,28.975645065307617,20.0,1.0,3.0,18.940000534057617,6.4387264,25.378726959228516,LOW RISK
Dakar,1,28.975645065307617,20.0,1.0,3.0,18.940000534057617,-2.8863726,16.053627967834473,SAFE
Damascus,2,28.975645065307617,20.0,1.0,3.0,22.760000228881836,-16.404804,6.355195999145508,SAFE
Dhaka,0,25.154821395874023,20.0,1.0,3.0,71.06999969482422,6.090217,77.16021680831909,HIGH RISK
Dhaka,0,25.154821395874023,20.0,1.0,3.0,71.06999969482422,27.110239,98.18023872375488,EXTREME DANGER
Dhidhdhoo,1,25.154821395874023,20.0,1.0,3.0,26.700000762939453,-1.3984121,25.301588654518127,LOW RISK
Dhidhdhoo,1,25.154821395874023,20.0,1.0,3.0,26.700000762939453,2.7631075,29.46310830116272,LOW RISK
Dili,0,7.0977349281311035,20.0,1.0,3.0,9.720000267028809,-10.462698,0.0,SAFE
Dili,0,7.0977349281311035,20.0,1.0,3.0,9.720000267028809,-6.1205225,3.599477767944336,SAFE
Djibouti,5,7.0977349281311035,20.0,1.0,3.0,53.959999084472656,20.704967,74.66496658325195,HIGH RISK
Djibouti,5,7.0977349281311035,20.0,1.0,3.0,53.959999084472656,23.30101,77.2610092163086,HIGH RISK
Dodoma,0,15.350298881530762,20.0,1.0,3.0,15.199999809265137,-9.77068,5.429319381713867,SAFE
Dodoma,0,15.350298881530762,20.0,1.0,3.0,15.199999809265137,-9.428285,5.77171516418457,SAFE
Doha,3,15.350298881530762,20.0,1.0,3.0,74.62999725341797,18.337273,92.96726989746094,EXTREME DANGER
Doha,3,15.350298881530762,20.0,1.0,3.0,74.62999725341797,25.823856,100.0,EXTREME DANGER
Douala,1,12.421009063720703,20.0,1.0,3.0,17.15999984741211,-9.045039,8.114960670471191,SAFE
Douala,1,12.421009063720703,20.0,1.0,3.0,17.15999984741211,-6.1191964,11.0408034324646,SAFE
Dublin,2,12.421009063720703,20.0,1.0,3.0,5.829999923706055,-26.234539,0.0,SAFE
Dublin,2,12.421009063720703,20.0,1.0,3.0,5.829999923706055,-26.373066,0.0,SAFE
Dushanbe,2,12.421009063720703,20.0,1.0,3.0,21.770000457763672,6.6116514,28.381651878356934,LOW RISK
Dushanbe,2,12.421009063720703,20.0,1.0,3.0,21.770000457763672,-22.04007,0.0,SAFE
Felidhoo,1,19.79340934753418,20.0,1.0,3.0,22.25,-5.305479,16.944520950317383,SAFE
Freetown,0,19.79340934753418,20.0,1.0,3.0,17.559999465942383,-2.2542608,15.305738687515259,SAFE
Freetown,0,19.79340934753418,20.0,1.0,3.0,17.559999465942383,-13.126455,4.433544158935547,SAFE
Funafuti,0,34.889713287353516,20.0,1.0,3.0,24.299999237060547,-8.947605,15.352394104003906,SAFE
Funafuti,0,34.889713287353516,20.0,1.0,3.0,24.299999237060547,-5.494227,18.805772304534912,SAFE
Gaborone,0,34.889713287353516,20.0,1.0,3.0,11.069999694824219,-13.885245,0.0,SAFE
Gaborone,0,34.889713287353516,20.0,1.0,3.0,11.069999694824219,-10.716251,0.3537483215332031,SAFE
Garrapata,0,15.994112014770508,20.0,1.0,3.0,5.329999923706055,-7.883627,0.0,SAFE
Georgetown,1,15.994112014770508,20.0,1.0,3.0,6.199999809265137,-13.072587,0.0,SAFE
Georgetown,1,15.994112014770508,20.0,1.0,3.0,6.199999809265137,-9.413404,0.0,SAFE
Grenada,1,15.994112014770508,20.0,1.0,3.0,9.039999961853027,-18.01971,0.0,SAFE
Grenada,1,15.994112014770508,20.0,1.0,3.0,9.039999961853027,-24.299759,0.0,SAFE
Grindavik,2,14.75,20.0,1.0,3.0,4.309999942779541,-25.866058,0.0,SAFE
Guatemala City,1,14.75,20.0,1.0,3.0,18.420000076293945,-7.4959536,10.924046516418457,SAFE
Guatemala City,1,14.75,20.0,1.0,3.0,18.420000076293945,-25.268917,0.0,SAFE
Hanoi,0,11.600000381469727,20.0,1.0,3.0,59.720001220703125,26.021494,85.74149513244629,EXTREME DANGER
Hanoi,0,11.600000381469727,20.0,1.0,3.0,59.720001220703125,23.66832,83.38832092285156,EXTREME DANGER
Harare,0,9.446608543395996,20.0,1.0,3.0,12.819999694824219,-2.4246159,10.395383834838867,SAFE
Harare,0,9.446608543395996,20.0,1.0,3.0,12.819999694824219,-10.1945305,2.625469207763672,SAFE
Havana,1,9.446608543395996,20.0,1.0,3.0,5.949999809265137,-17.653702,0.0,SAFE
Havana,1,9.446608543395996,20.0,1.0,3.0,5.949999809265137,-25.942982,0.0,SAFE
Helsinki,4,17.469959259033203,20.0,1.0,3.0,5.309999942779541,-26.180103,0.0,SAFE
Helsinki,4,17.469959259033203,20.0,1.0,3.0,5.309999942779541,-23.923845,0.0,SAFE
Ho Chi Minh City,5,17.469959259033203,20.0,1.0,3.0,78.86000061035156,23.116081,100.0,EXTREME DANGER
Ho Chi Minh City,5,17.469959259033203,20.0,1.0,3.0,78.86000061035156,26.548431,100.0,EXTREME DANGER
Honiara,1,24.94072151184082,20.0,1.0,3.0,17.059999465942383,-6.4459643,10.61403512954712,SAFE
Honiara,1,24.94072151184082,20.0,1.0,3.0,17.059999465942383,-10.91526,6.144739151000977,SAFE
Islamabad,3,24.94072151184082,20.0,1.0,3.0,45.52000045776367,17.655594,63.175594329833984,HIGH RISK
Islamabad,3,24.94072151184082,20.0,1.0,3.0,45.52000045776367,26.416933,71.93693351745605,HIGH RISK
Ivory,0,11.280890464782715,20.0,1.0,3.0,19.15999984741211,-13.671195,5.488804817199707,SAFE
Ivory,0,11.280890464782715,20.0,1.0,3.0,19.15999984741211,-3.251194,15.908805847167969,SAFE
Ivory Ivory Ban,1,11.280890464782715,20.0,1.0,3.0,3.950000047683716,-12.521829,0.0,SAFE
Jakarta,0,18.18472671508789,20.0,1.0,3.0,100.0,21.52837,100.0,EXTREME DANGER
Jakarta,0,18.18472671508789,20.0,1.0,3.0,100.0,23.629921,100.0,EXTREME DANGER
Jerusalem,2,18.18472671508789,20.0,1.0,3.0,22.219999313354492,-12.135208,10.08479118347168,SAFE
Juba,5,25.716699600219727,20.0,1.0,3.0,45.5,19.969618,65.46961784362793,HIGH RISK
Kabul,4,25.716699600219727,20.0,1.0,3.0,22.8700008392334,-19.63807,3.231931686401367,SAFE
Kabul,4,25.716699600219727,20.0,1.0,3.0,22.8700008392334,13.749888,36.61988925933838,LOW RISK
Kampala,0,19.306934356689453,20.0,1.0,3.0,26.3799991607666,3.2289934,29.60899257659912,LOW RISK
Kampala,0,19.306934356689453,20.0,1.0,3.0,26.3799991607666,-7.2623367,19.11766242980957,SAFE
Kathmandu,3,19.306934356689453,20.0,1.0,3.0,38.599998474121094,15.926603,54.526601791381836,MODERATE RISK
Kathmandu,3,19.306934356689453,20.0,1.0,3.0,38.599998474121094,-5.9043255,32.6956729888916,LOW RISK
Khartoum,5,11.163593292236328,20.0,1.0,3.0,71.5199966430664,19.817814,91.33781051635742,EXTREME DANGER
Khartoum,5,11.163593292236328,20.0,1.0,3.0,71.5199966430664,22.495169,94.01516532897949,EXTREME DANGER
Kigali,0,11.163593292236328,20.0,1.0,3.0,25.8700008392334,-6.1569643,19.71303653717041,SAFE
Kigali,0,11.163593292236328,20.0,1.0,3.0,25.8700008392334,-2.7825618,23.08743906021118,LOW RISK
Kingston,1,24.997343063354492,20.0,1.0,3.0,6.25,-14.923908,0.0,SAFE
Kingstown,1,24.997343063354492,20.0,1.0,3.0,15.279999732971191,-12.031421,3.2485790252685547,SAFE
Kingstown,1,24.997343063354492,20.0,1.0,3.0,15.279999732971191,-10.908186,4.371813774108887,SAFE
Kingstown,1,24.997343063354492,20.0,1.0,3.0,15.279999732971191,-19.005257,0.0,SAFE
Kinshasa,1,33.95549392700195,20.0,1.0,3.0,25.530000686645508,-0.40505964,25.124941051006317,LOW RISK
Kiyabo,3,7.610113143920898,20.0,1.0,3.0,49.720001220703125,24.221272,73.9412727355957,HIGH RISK
Koror,1,7.610113143920898,20.0,1.0,3.0,27.920000076293945,-4.880767,23.039233207702637,LOW RISK
Koror,1,7.610113143920898,20.0,1.0,3.0,27.920000076293945,2.861489,30.78148913383484,LOW RISK
Krasnyy Turkmenistan,5,14.869333267211914,20.0,1.0,3.0,39.84000015258789,17.97767,57.817670822143555,MODERATE RISK
Kuala Lumpur,3,14.869333267211914,20.0,1.0,3.0,77.19999694824219,28.757633,100.0,EXTREME DANGER
Kuala Lumpur,3,14.869333267211914,20.0,1.0,3.0,77.19999694824219,17.085949,94.28594589233398,EXTREME DANGER
Kuwait,5,10.423999786376953,20.0,1.0,3.0,100.0,24.263382,100.0,EXTREME DANGER
Kuwait City,3,10.423999786376953,20.0,1.0,3.0,95.4000015258789,13.294035,100.0,EXTREME DANGER
Kuwait City,3,10.423999786376953,20.0,1.0,3.0,95.4000015258789,24.801714,100.0,EXTREME DANGER
Kyiv,2,11.458483695983887,20.0,1.0,3.0,7.199999809265137,-17.483852,0.0,SAFE
Kyiv,2,11.458483695983887,20.0,1.0,3.0,7.199999809265137,-26.061619,0.0,SAFE
Laos,0,21.325218200683594,20.0,1.0,3.0,25.110000610351562,0.7734753,25.88347589969635,LOW RISK
Laos,0,21.325218200683594,20.0,1.0,3.0,25.110000610351562,-8.516735,16.593265533447266,SAFE
Libreville,1,21.325218200683594,20.0,1.0,3.0,15.800000190734863,-5.5830894,10.21691083908081,SAFE
Libreville,1,21.325218200683594,20.0,1.0,3.0,15.800000190734863,-5.9886723,9.811327934265137,SAFE
Lilongwe,0,9.34756088256836,20.0,1.0,3.0,14.100000381469727,-11.538528,2.561471939086914,SAFE
Lilongwe,0,9.34756088256836,20.0,1.0,3.0,14.100000381469727,-10.84524,3.2547607421875,SAFE
Lima,0,14.300000190734863,20.0,1.0,3.0,17.329999923706055,-7.1613336,10.168666362762451,SAFE
Lisbon,2,25.4144287109375,20.0,1.0,3.0,5.0,-26.518757,0.0,SAFE
Lisbon,2,25.4144287109375,20.0,1.0,3.0,5.0,-19.824547,0.0,SAFE
Ljubljana,4,25.4144287109375,20.0,1.0,3.0,18.34000015258789,-26.576046,0.0,SAFE
Ljubljana,4,25.4144287109375,20.0,1.0,3.0,18.34000015258789,-21.536646,0.0,SAFE
Lom,2,26.405765533447266,20.0,1.0,3.0,5.0,-17.126057,0.0,SAFE
Lom,2,26.405765533447266,20.0,1.0,3.0,5.0,-26.905931,0.0,SAFE
Lom,2,26.405765533447266,20.0,1.0,3.0,5.0,-24.846306,0.0,SAFE
Lom,2,26.405765533447266,20.0,1.0,3.0,5.0,-24.81989,0.0,SAFE
Lome,1,26.405765533447266,20.0,1.0,3.0,18.170000076293945,-5.959898,12.210102081298828,SAFE
Lome,1,26.405765533447266,20.0,1.0,3.0,18.170000076293945,-18.272362,0.0,SAFE
London,4,10.722676277160645,20.0,1.0,3.0,5.0,-26.453167,0.0,SAFE
London,4,10.722676277160645,20.0,1.0,3.0,5.0,-25.980343,0.0,SAFE
Luanda,3,10.722676277160645,20.0,1.0,3.0,22.469999313354492,26.242174,48.71217346191406,MODERATE RISK
Luanda,3,10.722676277160645,20.0,1.0,3.0,22.469999313354492,4.335327,26.805326461791992,LOW RISK
Lusaka,0,0.5,20.0,1.0,3.0,13.470000267028809,-2.5651894,10.904810905456543,SAFE
Lusaka,0,0.5,20.0,1.0,3.0,13.470000267028809,-11.124361,2.345639228820801,SAFE
Luxembourg,2,34.90071105957031,20.0,1.0,3.0,5.0,-26.490932,0.0,SAFE
Luxembourg,2,34.90071105957031,20.0,1.0,3.0,5.0,-26.382988,0.0,SAFE
Madrid,4,34.90071105957031,20.0,1.0,3.0,5.599999904632568,-27.059782,0.0,SAFE
Madrid,4,34.90071105957031,20.0,1.0,3.0,5.599999904632568,-14.607136,0.0,SAFE
Majuro,0,23.42132568359375,20.0,1.0,3.0,21.510000228881836,-8.787523,12.722476959228516,SAFE
Majuro,0,23.42132568359375,20.0,1.0,3.0,21.510000228881836,-6.996383,14.513617038726807,SAFE
Malabo,1,68.73650360107422,20.0,1.0,3.0,18.649999618530273,-13.030264,5.6197357177734375,SAFE
Malabo,1,68.73650360107422,20.0,1.0,3.0,18.649999618530273,-6.0298157,12.620183944702148,SAFE
Male,1,68.73650360107422,20.0,1.0,3.0,26.420000076293945,-10.162636,16.25736427307129,SAFE
Male,1,68.73650360107422,20.0,1.0,3.0,26.420000076293945,-0.9320431,25.487957000732422,LOW RISK
Managua,1,13.309782981872559,20.0,1.0,3.0,5.650000095367432,-10.51761,0.0,SAFE
Managua,1,13.309782981872559,20.0,1.0,3.0,5.650000095367432,-14.897982,0.0,SAFE
Manama,3,13.309782981872559,20.0,1.0,3.0,68.77999877929688,15.152483,83.93248176574707,EXTREME DANGER
Manama,3,13.309782981872559,20.0,1.0,3.0,68.77999877929688,22.293854,91.0738525390625,EXTREME DANGER
Manila,3,7.361490726470947,20.0,1.0,3.0,48.93000030517578,22.271912,71.20191192626953,HIGH RISK
Manila,3,7.361490726470947,20.0,1.0,3.0,48.93000030517578,29.24881,78.1788101196289,HIGH RISK
Maputo,2,7.361490726470947,20.0,1.0,3.0,12.180000305175781,-17.00506,0.0,SAFE
Maputo,2,7.361490726470947,20.0,1.0,3.0,12.180000305175781,-9.711314,2.468686103820801,SAFE
Maseru,1,28.131221771240234,20.0,1.0,3.0,23.010000228881836,-21.6543,1.3556995391845703,SAFE
Maseru,1,28.131221771240234,20.0,1.0,3.0,23.010000228881836,-9.990458,13.019542694091797,SAFE
Mbabane,3,28.131221771240234,20.0,1.0,3.0,22.510000228881836,26.096981,48.60698127746582,MODERATE RISK
Mbabane,3,28.131221771240234,20.0,1.0,3.0,22.510000228881836,-15.891681,6.618319511413574,SAFE
Mbabane,3,28.131221771240234,20.0,1.0,3.0,22.510000228881836,-11.312889,11.197111129760742,SAFE
Melbourne,2,8.91291618347168,20.0,1.0,3.0,4.25,-26.729242,0.0,SAFE
Melbourne,2,8.91291618347168,20.0,1.0,3.0,4.25,-20.923912,0.0,SAFE
Mexico (Grupo Mexico),1,8.91291618347168,20.0,1.0,3.0,21.850000381469727,-14.21291,7.637090682983398,SAFE
Mexico City,1,56.4648551940918,20.0,1.0,3.0,34.939998626708984,-23.372242,11.567756652832031,SAFE
Mexico City,1,56.4648551940918,20.0,1.0,3.0,34.939998626708984,-25.400898,9.539100646972656,SAFE
Meyungs,1,56.4648551940918,20.0,1.0,3.0,15.720000267028809,-10.44451,5.275489807128906,SAFE
Minsk,4,21.095434188842773,20.0,1.0,3.0,5.53000020980835,-26.060583,0.0,SAFE
Minsk,4,21.095434188842773,20.0,1.0,3.0,5.53000020980835,-23.255743,0.0,SAFE
Mogadishu,1,21.095434188842773,20.0,1.0,3.0,33.459999084472656,0.45159847,33.911597549915314,LOW RISK
Mogadishu,1,21.095434188842773,20.0,1.0,3.0,33.459999084472656,-9.787185,23.67281436920166,LOW RISK
Moldova,5,9.323671340942383,20.0,1.0,3.0,15.479999542236328,-9.888703,5.591296195983887,SAFE
Mombasa,1,9.323671340942383,20.0,1.0,3.0,14.34000015258789,-18.987549,0.0,SAFE
Mombasa,1,9.323671340942383,20.0,1.0,3.0,14.34000015258789,-12.376786,1.9632139205932617,SAFE
Monaco,1,17.86121368408203,20.0,1.0,3.0,6.519999980926514,-23.456757,0.0,SAFE
Monaco,1,17.86121368408203,20.0,1.0,3.0,6.519999980926514,-27.34299,0.0,SAFE
Monrovia,1,17.86121368408203,20.0,1.0,3.0,17.200000762939453,-14.4720745,2.727926254272461,SAFE
Monrovia,1,17.86121368408203,20.0,1.0,3.0,17.200000762939453,-5.0903206,12.10968017578125,SAFE
Montevideo,2,1.891176462173462,20.0,1.0,3.0,6.389999866485596,-26.622375,0.0,SAFE
Montevideo,2,1.891176462173462,20.0,1.0,3.0,6.389999866485596,-13.811515,0.0,SAFE
Morocco City,5,24.1971492767334,20.0,1.0,3.0,45.380001068115234,11.407167,56.78716850280762,MODERATE RISK
Moroni,1,24.1971492767334,20.0,1.0,3.0,19.559999465942383,-2.5840728,16.975926637649536,SAFE
Moroni,1,24.1971492767334,20.0,1.0,3.0,19.559999465942383,-12.974098,6.585901260375977,SAFE
Moroni,1,24.1971492767334,20.0,1.0,3.0,19.559999465942383,-18.16996,1.3900394439697266,SAFE
Moroni,1,24.1971492767334,20.0,1.0,3.0,19.559999465942383,-23.453667,0.0,SAFE
Moroni,1,24.1971492767334,20.0,1.0,3.0,19.559999465942383,-24.889473,0.0,SAFE
Moscow,2,5.9931464195251465,20.0,1.0,3.0,18.399999618530273,-20.591425,0.0,SAFE
Moscow,2,5.9931464195251465,20.0,1.0,3.0,18.399999618530273,-23.128777,0.0,SAFE
Muscat,5,5.9931464195251465,20.0,1.0,3.0,44.130001068115234,26.350975,70.48097610473633,HIGH RISK
Muscat,5,5.9931464195251465,20.0,1.0,3.0,44.130001068115234,20.829159,64.95915985107422,HIGH RISK
N'djamena,5,15.163257598876953,20.0,1.0,3.0,29.229999542236328,13.411649,42.641648292541504,MODERATE RISK
N'djamena,5,15.163257598876953,20.0,1.0,3.0,29.229999542236328,24.733719,53.96371841430664,MODERATE RISK
Nairobi,0,15.163257598876953,20.0,1.0,3.0,26.540000915527344,-9.406348,17.133652687072754,SAFE
Nairobi,0,15.163257598876953,20.0,1.0,3.0,26.540000915527344,-10.111389,16.428611755371094,SAFE
Namawbin,5,7.323470115661621,20.0,1.0,3.0,57.38999938964844,21.45755,78.84754943847656,HIGH RISK
Nan,0,10.805280685424805,20.0,1.0,3.0,39.779998779296875,-5.7768974,34.00310134887695,LOW RISK
Nan,0,10.805280685424805,20.0,1.0,3.0,39.779998779296875,29.654087,69.43408584594727,HIGH RISK
Nassau,1,10.805280685424805,20.0,1.0,3.0,5.699999809265137,-19.4089,0.0,SAFE
Nassau,1,10.805280685424805,20.0,1.0,3.0,5.699999809265137,-26.559467,0.0,SAFE
National,0,8.149999618530273,20.0,1.0,3.0,5.0,-9.595141,0.0,SAFE
National,0,8.149999618530273,20.0,1.0,3.0,5.0,17.146278,22.146278381347656,LOW RISK
New Delhi,5,8.149999618530273,20.0,1.0,3.0,93.62999725341797,26.157852,100.0,EXTREME DANGER
New Delhi,5,8.149999618530273,20.0,1.0,3.0,93.62999725341797,22.600216,100.0,EXTREME DANGER
New Guatemala,1,0.925000011920929,20.0,1.0,3.0,38.29999923706055,-9.693916,28.606082916259766,LOW RISK
New York,2,30.857637405395508,20.0,1.0,3.0,6.760000228881836,-15.144373,0.0,SAFE
New York,2,30.857637405395508,20.0,1.0,3.0,6.760000228881836,-26.109226,0.0,SAFE
Newport East,1,30.857637405395508,20.0,1.0,3.0,4.380000114440918,-19.48913,0.0,SAFE
Ngaoundere,0,75.21652221679688,20.0,1.0,3.0,24.1200008392334,13.723074,37.843074798583984,LOW RISK
Ngaoundere,0,75.21652221679688,20.0,1.0,3.0,24.1200008392334,-18.259884,5.860116958618164,SAFE
Niamey,0,75.21652221679688,20.0,1.0,3.0,35.939998626708984,24.879847,60.81984519958496,HIGH RISK
Niamey,0,75.21652221679688,20.0,1.0,3.0,35.939998626708984,12.164034,48.10403251647949,MODERATE RISK
Niamey,0,75.21652221679688,20.0,1.0,3.0,35.939998626708984,22.872807,58.81280517578125,MODERATE RISK
Nicosia,2,17.56722640991211,20.0,1.0,3.0,9.640000343322754,-23.983208,0.0,SAFE
Nicosia,2,17.56722640991211,20.0,1.0,3.0,9.640000343322754,12.954,22.594000816345215,LOW RISK
Ninga,1,17.56722640991211,20.0,1.0,3.0,4.25,-20.092987,0.0,SAFE
Norman Gardens,5,9.809110641479492,20.0,1.0,3.0,34.709999084472656,-6.1867723,28.523226737976074,LOW RISK
Nouakchott,0,9.809110641479492,20.0,1.0,3.0,35.040000915527344,11.998482,47.038482666015625,MODERATE RISK
Nouakchott,0,9.809110641479492,20.0,1.0,3.0,35.040000915527344,11.153743,46.19374370574951,MODERATE RISK
Nuku'alofa,1,7.2562103271484375,20.0,1.0,3.0,4.78000020980835,-22.744818,0.0,SAFE
Nuku'alofa,1,7.2562103271484375,20.0,1.0,3.0,4.78000020980835,-22.76378,0.0,SAFE
Nuku`Aloia,0,7.2562103271484375,20.0,1.0,3.0,5.590000152587891,-10.575777,0.0,SAFE
Nuku`Aloia,0,7.2562103271484375,20.0,1.0,3.0,5.590000152587891,-22.646557,0.0,SAFE
Oslo,4,62.650001525878906,20.0,1.0,3.0,6.010000228881836,-26.621582,0.0,SAFE
Oslo,4,62.650001525878906,20.0,1.0,3.0,6.010000228881836,-24.72166,0.0,SAFE
Ottawa,4,62.650001525878906,20.0,1.0,3.0,5.670000076293945,-26.590786,0.0,SAFE
Ottawa,4,62.650001525878906,20.0,1.0,3.0,5.670000076293945,-26.70409,0.0,SAFE
Ouagadougou,5,2.8701915740966797,20.0,1.0,3.0,25.010000228881836,4.774576,29.784576416015625,LOW RISK
Ouagadougou,5,2.8701915740966797,20.0,1.0,3.0,25.010000228881836,21.508186,46.51818656921387,MODERATE RISK
Palau,1,2.8701915740966797,20.0,1.0,3.0,14.229999542236328,-9.918161,4.311838150024414,SAFE
Palau,1,2.8701915740966797,20.0,1.0,3.0,14.229999542236328,-11.397219,2.8327808380126953,SAFE
Palikir,1,50.436092376708984,20.0,1.0,3.0,21.90999984741211,-1.4797909,20.430208921432495,LOW RISK
Palikir,1,50.436092376708984,20.0,1.0,3.0,21.90999984741211,-11.431902,10.478097915649414,SAFE
Panama City,1,50.436092376708984,20.0,1.0,3.0,5.429999828338623,-11.376686,0.0,SAFE
Panama City,1,50.436092376708984,20.0,1.0,3.0,5.429999828338623,-9.6365185,0.0,SAFE
Paramaribo,1,5.8643317222595215,20.0,1.0,3.0,5.769999980926514,-13.633537,0.0,SAFE
Paramaribo,1,5.8643317222595215,20.0,1.0,3.0,5.769999980926514,-11.197357,0.0,SAFE
Paris,4,5.8643317222595215,20.0,1.0,3.0,16.760000228881836,-26.478024,0.0,SAFE
Paris,4,5.8643317222595215,20.0,1.0,3.0,16.760000228881836,-24.953413,0.0,SAFE
Pasto,2,1.7999999523162842,20.0,1.0,3.0,11.649999618530273,-21.551258,0.0,SAFE
Pathein,1,141.1519012451172,20.0,1.0,3.0,22.559999465942383,-0.41864303,22.14135643839836,LOW RISK
Phnom Penh,3,141.1519012451172,20.0,1.0,3.0,53.22999954223633,28.722057,81.95205688476562,EXTREME DANGER
Phnom Penh,3,141.1519012451172,20.0,1.0,3.0,53.22999954223633,-2.1136155,51.11638402938843,MODERATE RISK
Phnum Penh,5,20.51091194152832,20.0,1.0,3.0,39.81999969482422,9.713355,49.53335475921631,MODERATE RISK
Phnum Penh,5,20.51091194152832,20.0,1.0,3.0,39.81999969482422,16.783041,56.60304069519043,MODERATE RISK
Podgorica,2,46.40838623046875,20.0,1.0,3.0,7.960000038146973,-7.5375104,0.42248964309692383,SAFE
Podgorica,2,46.40838623046875,20.0,1.0,3.0,7.960000038146973,-26.508905,0.0,SAFE
Port Louis,0,18.670246124267578,20.0,1.0,3.0,18.90999984741211,-9.0149,9.895099639892578,SAFE
Port Louis,0,18.670246124267578,20.0,1.0,3.0,18.90999984741211,-16.04745,2.862550735473633,SAFE
Port Moresby,0,18.670246124267578,20.0,1.0,3.0,13.6899995803833,-6.1226273,7.5673723220825195,SAFE
Port Moresby,0,18.670246124267578,20.0,1.0,3.0,13.6899995803833,-10.535151,3.154849052429199,SAFE
Port Of Spain,1,31.184621810913086,20.0,1.0,3.0,5.940000057220459,-12.623686,0.0,SAFE
Port Of Spain,1,31.184621810913086,20.0,1.0,3.0,5.940000057220459,-10.782665,0.0,SAFE
Port Royal,1,31.184621810913086,20.0,1.0,3.0,12.100000381469727,-10.777409,1.322591781616211,SAFE
Port Royal,1,31.184621810913086,20.0,1.0,3.0,12.100000381469727,-13.389662,0.0,SAFE
Port Vila,0,45.634681701660156,20.0,1.0,3.0,5.670000076293945,-7.412916,0.0,SAFE
Port Vila,0,45.634681701660156,20.0,1.0,3.0,5.670000076293945,-21.138401,0.0,SAFE
Port-Au-Prince,0,45.634681701660156,20.0,1.0,3.0,18.56999969482422,-2.2902036,16.27979612350464,SAFE
Port-Au-Prince,0,45.634681701660156,20.0,1.0,3.0,18.56999969482422,-13.541885,5.028114318847656,SAFE
Porto-Novo,1,44.87769317626953,20.0,1.0,3.0,37.150001525878906,-6.39398,30.75602149963379,LOW RISK
Porto-Novo,1,44.87769317626953,20.0,1.0,3.0,37.150001525878906,9.020605,46.17060661315918,MODERATE RISK
Prague,2,44.87769317626953,20.0,1.0,3.0,17.0,-23.858461,0.0,SAFE
Prague,2,44.87769317626953,20.0,1.0,3.0,17.0,-26.415428,0.0,SAFE
Praia,1,26.77111053466797,20.0,1.0,3.0,17.59000015258789,-5.624442,11.965558052062988,SAFE
Praia,1,26.77111053466797,20.0,1.0,3.0,17.59000015258789,-7.6238813,9.966118812561035,SAFE
Pretoria,0,26.77111053466797,20.0,1.0,3.0,23.520000457763672,-11.400932,12.119068145751953,SAFE
Pretoria,0,26.77111053466797,20.0,1.0,3.0,23.520000457763672,-8.555532,14.964468002319336,SAFE
Pristina,5,11.007231712341309,20.0,1.0,3.0,9.1899995803833,-11.204433,0.0,SAFE
Pristina,5,11.007231712341309,20.0,1.0,3.0,9.1899995803833,-23.42258,0.0,SAFE
Pyongyang,4,11.216248512268066,20.0,1.0,3.0,18.93000030517578,-22.95214,0.0,SAFE
Pyongyang,4,11.216248512268066,20.0,1.0,3.0,18.93000030517578,22.819124,41.74912452697754,MODERATE RISK
Quito,1,11.216248512268066,20.0,1.0,3.0,6.170000076293945,-24.63303,0.0,SAFE
Quito,1,11.216248512268066,20.0,1.0,3.0,6.170000076293945,-16.092125,0.0,SAFE
Rabat,2,11.216248512268066,20.0,1.0,3.0,5.0,-26.796375,0.0,SAFE
Rabat,2,11.216248512268066,20.0,1.0,3.0,5.0,-20.627228,0.0,SAFE
Rangoon,1,24.973304748535156,20.0,1.0,3.0,57.58000183105469,-6.825758,50.75424385070801,MODERATE RISK
Rangoon,1,24.973304748535156,20.0,1.0,3.0,57.58000183105469,29.399967,86.9799690246582,EXTREME DANGER
Reykjavik,2,28.5,20.0,1.0,3.0,5.21999979019165,-24.896193,0.0,SAFE
Riga,4,4.25813627243042,20.0,1.0,3.0,5.0,-26.145884,0.0,SAFE
Riga,4,4.25813627243042,20.0,1.0,3.0,5.0,-19.434391,0.0,SAFE
Riyadh,5,4.25813627243042,20.0,1.0,3.0,97.7300033569336,22.380661,100.0,EXTREME DANGER
Riyadh,5,4.25813627243042,20.0,1.0,3.0,97.7300033569336,12.819825,100.0,EXTREME DANGER
Rome,2,6.699999809265137,20.0,1.0,3.0,7.460000038146973,-9.836571,0.0,SAFE
Rome,2,6.699999809265137,20.0,1.0,3.0,7.460000038146973,-26.68569,0.0,SAFE
Roseau,1,58.850547790527344,20.0,1.0,3.0,10.869999885559082,-17.057285,0.0,SAFE
S-Chanf,4,58.850547790527344,20.0,1.0,3.0,8.010000228881836,-27.075731,0.0,SAFE
S. Manian,1,176.6999969482422,20.0,1.0,3.0,36.790000915527344,22.521814,59.31181526184082,MODERATE RISK
Saint George's,1,91.13664245605469,20.0,1.0,3.0,14.40999984741211,-9.280309,5.129691123962402,SAFE
Saint John's,1,91.13664245605469,20.0,1.0,3.0,9.699999809265137,-23.30057,0.0,SAFE
Saint John's,1,91.13664245605469,20.0,1.0,3.0,9.699999809265137,-16.270586,0.0,SAFE
Saint Petersburg,2,15.485458374023438,20.0,1.0,3.0,9.720000267028809,-22.160748,0.0,SAFE
San Andres,1,15.485458374023438,20.0,1.0,3.0,4.760000228881836,-22.27037,0.0,SAFE
San Ignacio,1,24.117366790771484,20.0,1.0,3.0,6.389999866485596,-22.002712,0.0,SAFE
San Ignacio,1,24.117366790771484,20.0,1.0,3.0,6.389999866485596,-25.16489,0.0,SAFE
San Jose,1,24.117366790771484,20.0,1.0,3.0,5.809999942779541,-23.799236,0.0,SAFE
San Juan,1,14.132889747619629,20.0,1.0,3.0,22.239999771118164,-18.131393,4.108606338500977,SAFE
San Marino,2,14.132889747619629,20.0,1.0,3.0,6.389999866485596,-16.758976,0.0,SAFE
San Marino,2,14.132889747619629,20.0,1.0,3.0,6.389999866485596,-26.666483,0.0,SAFE
San Salvador,0,9.789993286132812,20.0,1.0,3.0,17.110000610351562,-5.1254187,11.98458194732666,SAFE
San Salvador,0,9.789993286132812,20.0,1.0,3.0,17.110000610351562,-15.0779295,2.032071113586426,SAFE
Sanaa,5,9.789993286132812,20.0,1.0,3.0,26.959999084472656,24.168137,51.128135681152344,MODERATE RISK
Sanaa,5,9.789993286132812,20.0,1.0,3.0,26.959999084472656,20.198679,47.15867805480957,MODERATE RISK
Sanaa,5,9.789993286132812,20.0,1.0,3.0,26.959999084472656,-1.7560673,25.20393180847168,LOW RISK
Santiago,0,22.39716148376465,20.0,1.0,3.0,35.0,17.16681,52.16680908203125,MODERATE RISK
Santiago,0,22.39716148376465,20.0,1.0,3.0,35.0,-2.2227345,32.777265548706055,LOW RISK
Santo Domingo,0,16.416650772094727,20.0,1.0,3.0,5.0,-13.741838,0.0,SAFE
Santo Domingo,0,16.416650772094727,20.0,1.0,3.0,5.0,-17.153732,0.0,SAFE
Sao Paulo,1,16.416650772094727,20.0,1.0,3.0,17.93000030517578,-26.057133,0.0,SAFE
Sao Paulo,1,16.416650772094727,20.0,1.0,3.0,17.93000030517578,-24.467623,0.0,SAFE
Sarajevo,2,23.164121627807617,20.0,1.0,3.0,19.780000686645508,-17.812252,1.9677486419677734,SAFE
Sarajevo,2,23.164121627807617,20.0,1.0,3.0,19.780000686645508,-26.437538,0.0,SAFE
Sartorio,0,23.164121627807617,20.0,1.0,3.0,5.380000114440918,-4.997897,0.38210296630859375,SAFE
Seoul,4,13.930695533752441,20.0,1.0,3.0,35.220001220703125,-19.70277,15.517230987548828,SAFE
Seoul,4,13.930695533752441,20.0,1.0,3.0,35.220001220703125,24.591246,59.81124687194824,MODERATE RISK
Seoul,4,13.930695533752441,20.0,1.0,3.0,35.220001220703125,27.274689,62.49468994140625,HIGH RISK
Singapore,0,13.930695533752441,20.0,1.0,3.0,40.90999984741211,-1.7335848,39.17641508579254,LOW RISK
Singapore,0,13.930695533752441,20.0,1.0,3.0,40.90999984741211,20.261707,61.17170715332031,HIGH RISK
Skopje,2,13.930695533752441,20.0,1.0,3.0,20.690000534057617,-5.5206375,15.169363021850586,SAFE
Skopje,2,13.930695533752441,20.0,1.0,3.0,20.690000534057617,-25.489243,0.0,SAFE
Sofia,2,13.930695533752441,20.0,1.0,3.0,20.25,-16.605793,3.644207000732422,SAFE
Sofia,2,13.930695533752441,20.0,1.0,3.0,20.25,-26.168106,0.0,SAFE
Stockholm,2,6.199999809265137,20.0,1.0,3.0,5.199999809265137,-24.086575,0.0,SAFE
Stockholm,2,6.199999809265137,20.0,1.0,3.0,5.199999809265137,-26.393812,0.0,SAFE
Sucre,0,6.199999809265137,20.0,1.0,3.0,5.25,-14.820587,0.0,SAFE
Sucre,0,6.199999809265137,20.0,1.0,3.0,5.25,-25.695759,0.0,SAFE
Surabaya,1,14.784500122070312,20.0,1.0,3.0,39.709999084472656,-7.041579,32.66842031478882,LOW RISK
Surabaya,1,14.784500122070312,20.0,1.0,3.0,39.709999084472656,22.340132,62.05013084411621,HIGH RISK
Suva,1,14.784500122070312,20.0,1.0,3.0,4.940000057220459,-11.232246,0.0,SAFE
Suva,1,14.784500122070312,20.0,1.0,3.0,4.940000057220459,-14.248152,0.0,SAFE
Tallinn,2,29.997806549072266,20.0,1.0,3.0,5.590000152587891,-24.998491,0.0,SAFE
Tallinn,2,29.997806549072266,20.0,1.0,3.0,5.590000152587891,-26.122166,0.0,SAFE
Tallinn,2,29.997806549072266,20.0,1.0,3.0,5.590000152587891,13.078694,18.668694496154785,SAFE
Tarawa,1,29.997806549072266,20.0,1.0,3.0,19.139999389648438,-1.1550831,17.98491632938385,SAFE
Tarawa,1,29.997806549072266,20.0,1.0,3.0,19.139999389648438,-1.4038442,17.736155152320862,SAFE
Tashkent,4,11.44160270690918,20.0,1.0,3.0,22.18000030517578,-19.878551,2.3014488220214844,SAFE
Tashkent,4,11.44160270690918,20.0,1.0,3.0,22.18000030517578,8.039345,30.219345092773438,LOW RISK
Tbilisi,4,11.44160270690918,20.0,1.0,3.0,8.970000267028809,-26.459011,0.0,SAFE
Tbilisi,4,11.44160270690918,20.0,1.0,3.0,8.970000267028809,-9.769333,0.0,SAFE
Tegucigalpa,1,14.137577056884766,20.0,1.0,3.0,6.389999866485596,-22.924807,0.0,SAFE
Tegucigalpa,1,14.137577056884766,20.0,1.0,3.0,6.389999866485596,-25.393661,0.0,SAFE
Tehran,3,14.137577056884766,20.0,1.0,3.0,42.290000915527344,-8.816137,33.47386360168457,LOW RISK
Tehran,3,14.137577056884766,20.0,1.0,3.0,42.290000915527344,16.638058,58.92805862426758,MODERATE RISK
Thimphu,0,15.460658073425293,20.0,1.0,3.0,10.569999694824219,-12.7576,0.0,SAFE
Thimphu,0,15.460658073425293,20.0,1.0,3.0,10.569999694824219,-26.09811,0.0,SAFE
Tirana,4,15.460658073425293,20.0,1.0,3.0,8.100000381469727,-26.554798,0.0,SAFE
Tirana,4,15.460658073425293,20.0,1.0,3.0,8.100000381469727,-4.6823673,3.417633056640625,SAFE
Tokyo,2,6.0384602546691895,20.0,1.0,3.0,17.5,-3.770875,13.729125022888184,SAFE
Tokyo,2,6.0384602546691895,20.0,1.0,3.0,17.5,-0.31770322,17.18229678273201,SAFE
Tripoli,5,6.0384602546691895,20.0,1.0,3.0,21.760000228881836,15.186298,36.946298599243164,LOW RISK
Tripoli,5,6.0384602546691895,20.0,1.0,3.0,21.760000228881836,-17.6097,4.150300979614258,SAFE
Tunis,2,12.227463722229004,20.0,1.0,3.0,19.709999084472656,1.0334383,20.74343740940094,LOW RISK
Tunis,2,12.227463722229004,20.0,1.0,3.0,19.709999084472656,-26.473566,0.0,SAFE
Ulaanbaatar,4,12.227463722229004,20.0,1.0,3.0,17.290000915527344,-24.625492,0.0,SAFE
Ulaanbaatar,4,12.227463722229004,20.0,1.0,3.0,17.290000915527344,-26.353119,0.0,SAFE
Vaduz,2,2.1500000953674316,20.0,1.0,3.0,5.389999866485596,-27.114809,0.0,SAFE
Vaduz,2,2.1500000953674316,20.0,1.0,3.0,5.389999866485596,-27.097965,0.0,SAFE
Valletta,2,2.1500000953674316,20.0,1.0,3.0,8.100000381469727,-26.279356,0.0,SAFE
Valletta,2,2.1500000953674316,20.0,1.0,3.0,8.100000381469727,13.077425,21.177425384521484,LOW RISK
Vatican City,2,8.592063903808594,20.0,1.0,3.0,7.400000095367432,-9.543444,0.0,SAFE
Vatican City,2,8.592063903808594,20.0,1.0,3.0,7.400000095367432,-26.702663,0.0,SAFE
Vestmannaeyjar,2,8.592063903808594,20.0,1.0,3.0,4.599999904632568,-25.67982,0.0,SAFE
Vestmannaeyjar,2,8.592063903808594,20.0,1.0,3.0,4.599999904632568,-25.805862,0.0,SAFE
Victoria,0,63.87229537963867,20.0,1.0,3.0,33.77000045776367,-6.5306826,27.239317893981934,LOW RISK
Victoria,0,63.87229537963867,20.0,1.0,3.0,33.77000045776367,3.077479,36.84747934341431,LOW RISK
Vienna,4,63.87229537963867,20.0,1.0,3.0,17.59000015258789,-26.413357,0.0,SAFE
Vienna,4,63.87229537963867,20.0,1.0,3.0,17.59000015258789,-19.61441,0.0,SAFE
Vientiane,1,27.81045913696289,20.0,1.0,3.0,40.220001220703125,0.69688296,40.91688418388367,MODERATE RISK
Vientiane,1,27.81045913696289,20.0,1.0,3.0,40.220001220703125,11.213701,51.43370246887207,MODERATE RISK
Vilnius,2,27.81045913696289,20.0,1.0,3.0,6.670000076293945,-24.370125,0.0,SAFE
Vilnius,2,27.81045913696289,20.0,1.0,3.0,6.670000076293945,-26.407742,0.0,SAFE
Warsaw,4,11.071788787841797,20.0,1.0,3.0,18.489999771118164,-25.666111,0.0,SAFE
Washington Harbor,4,11.071788787841797,20.0,1.0,3.0,5.050000190734863,-26.751854,0.0,SAFE
Washington Harbor,4,11.071788787841797,20.0,1.0,3.0,5.050000190734863,-26.211416,0.0,SAFE
Washington Park,2,20.98546600341797,20.0,1.0,3.0,7.260000228881836,-26.917463,0.0,SAFE
Wellington,0,20.98546600341797,20.0,1.0,3.0,5.139999866485596,-18.170525,0.0,SAFE
Wellington,0,20.98546600341797,20.0,1.0,3.0,5.139999866485596,-14.79392,0.0,SAFE
Windhoek,0,18.5260066986084,20.0,1.0,3.0,10.989999771118164,-13.332387,0.0,SAFE
Windhoek,0,18.5260066986084,20.0,1.0,3.0,10.989999771118164,-16.834473,0.0,SAFE
Yamoussoukro,1,18.5260066986084,20.0,1.0,3.0,5.809999942779541,-14.98834,0.0,SAFE
Yangon,0,18.5260066986084,20.0,1.0,3.0,49.91999816894531,-5.6973825,44.22261571884155,MODERATE RISK
Yangon,0,18.5260066986084,20.0,1.0,3.0,49.91999816894531,22.384705,72.30470275878906,HIGH RISK
Yaounde,1,3.0,20.0,1.0,3.0,27.059999465942383,-6.953451,20.106548309326172,LOW RISK
Yaren,4,3.0,20.0,1.0,3.0,21.040000915527344,-25.271376,0.0,SAFE
Yaren,4,3.0,20.0,1.0,3.0,21.040000915527344,0.24264148,21.282642394304276,LOW RISK
Yaren,4,3.0,20.0,1.0,3.0,21.040000915527344,9.202304,30.242304801940918,LOW RISK
Yerevan,2,10.300000190734863,20.0,1.0,3.0,9.569999694824219,2.9431195,12.513119220733643,SAFE
Yerevan,2,10.300000190734863,20.0,1.0,3.0,9.569999694824219,-24.965933,0.0,SAFE
Zagreb,4,45.073463439941406,20.0,1.0,3.0,18.950000762939453,-26.030663,0.0,SAFE
